id,first_name,last_name,email,gender,plan,enrolled_in
79-5884817,Joli,Mardy,jmardy0@msu.edu,Polygender,premium,2/26/2021
58-9791661,Krystle,Roast,kroast1@sbwire.com,Female,padrão,3/31/2022
53-2885833,Cameron,Lawrenz,clawrenz2@nature.com,Male,premium,5/3/2022
57-2654824,Tobit,Aymeric,taymeric3@chron.com,Male,padrão,11/13/2020
60-1623002,Janie,Rotter,jrotter4@bigcartel.com,Female,padrão,11/17/2022
77-1919013,Jamaal,Petrus,jpetrus5@cornell.edu,Male,premium,2/19/2021
53-8826707,Fernande,Flaonier,fflaonier6@toplist.cz,Female,básico,10/15/2021
39-4940638,Nedda,Gorman,ngorman7@nationalgeographic.com,Female,básico,6/10/2023
26-3981773,Burton,Schwaiger,bschwaiger8@cyberchimps.com,Male,básico,6/23/2022
83-2735329,Nichole,Semeniuk,nsemeniuk9@eventbrite.com,Female,premium,8/15/2022
33-9769100,Donalt,Snape,dsnapea@github.com,Male,padrão,7/12/2021
49-6304608,Jammal,Fansy,jfansyb@harvard.edu,Male,básico,10/8/2021
84-4072524,Natty,Waggatt,nwaggattc@digg.com,Male,premium,4/3/2022
98-6086537,Evered,Pollastro,epollastrod@blinklist.com,Male,padrão,11/18/2022
19-6021531,Corrie,Pocke,cpockee@quantcast.com,Male,básico,12/13/2021
96-1627734,Rudd,Flaxman,rflaxmanf@about.me,Male,básico,2/10/2021
16-7536568,Bernie,Reuben,breubeng@java.com,Male,padrão,12/11/2020
80-1741497,Jere,Ivey,jiveyh@un.org,Male,premium,10/6/2021
06-6914866,Dulsea,Georgeau,dgeorgeaui@wikia.com,Female,padrão,12/22/2020
22-6084098,Dagmar,Warren,,Genderqueer,premium,4/10/2023
63-2997433,Lyndsey,Fanshawe,lfanshawek@state.tx.us,Female,básico,7/10/2021
77-0248921,Harriott,Fassum,hfassuml@wiley.com,Female,padrão,10/28/2022
55-6811983,Frankie,Huddlestone,fhuddlestonem@e-recht24.de,Female,básico,8/22/2022
02-9535190,Frannie,Sabatier,fsabatiern@forbes.com,Genderfluid,padrão,7/18/2022
52-2865035,Carrie,Bonnar,cbonnaro@nasa.gov,Female,premium,7/14/2021
98-2702153,Alfredo,Leney,aleneyp@lulu.com,Agender,básico,1/8/2021
18-1344870,Mart,Pincked,mpinckedq@seesaa.net,Male,básico,2/27/2023
39-2252881,Caritta,Yearnsley,cyearnsleyr@google.ru,Female,padrão,11/30/2020
50-9034078,Nicholas,Mariyushkin,nmariyushkins@i2i.jp,Male,premium,11/5/2022
91-2162470,Lindsey,Craker,lcrakert@ustream.tv,Female,padrão,1/23/2023
43-5974211,Maryl,Oakenford,moakenfordu@icio.us,Female,básico,9/7/2021
94-8902844,Cly,Atling,catlingv@godaddy.com,Male,básico,7/16/2022
96-5778646,Natty,Mars,nmarsw@wordpress.org,Male,premium,11/13/2022
50-6553532,Glennie,Shanley,gshanleyx@businesswire.com,Female,padrão,10/10/2022
80-4228323,Derk,Keighly,dkeighlyy@usnews.com,Male,padrão,3/27/2022
79-3226848,Nerty,Bes,nbesz@google.com.br,Female,padrão,5/23/2021
67-2207944,Abbie,Paviour,apaviour10@topsy.com,Female,padrão,4/23/2021
29-2991670,Ambrosio,Corr,acorr11@amazonaws.com,Male,padrão,3/8/2023
97-2815678,Cherida,Berka,cberka12@amazon.de,Bigender,padrão,12/14/2020
95-6085190,Constanta,Padkin,cpadkin13@xing.com,Female,básico,4/30/2021
96-4912631,Gretta,Woolatt,gwoolatt14@google.com.hk,Female,padrão,3/4/2021
76-4290385,Kizzie,Uphill,kuphill15@macromedia.com,Female,padrão,6/17/2022
56-5360460,Phillipe,Heighway,pheighway16@cpanel.net,Male,padrão,8/1/2021
61-3771490,Nealy,Giovannilli,ngiovannilli17@networksolutions.com,Male,básico,2/5/2021
54-9831530,Verena,Krugmann,vkrugmann18@scribd.com,Female,premium,10/3/2021
52-9527996,Trish,Ebbs,tebbs19@rambler.ru,Female,básico,4/13/2023
94-1179370,Marci,Drohane,mdrohane1a@epa.gov,Female,padrão,3/29/2022
23-3099579,Boy,Sharma,bsharma1b@ebay.com,Male,premium,9/7/2022
77-6354710,Yetty,Miskimmon,,Female,padrão,10/7/2021
38-5619206,Sauncho,Clarage,sclarage1d@barnesandnoble.com,Male,premium,7/26/2022
49-5731021,Adaline,Capoun,acapoun1e@senate.gov,Female,premium,3/31/2021
93-7337123,Yehudi,Verduin,yverduin1f@163.com,Agender,padrão,11/3/2021
31-0875829,Alis,Saby,asaby1g@mashable.com,Female,básico,2/5/2021
86-3490466,Allina,Wallace,,Female,padrão,1/2/2023
51-7108328,Kimble,Buttrey,kbuttrey1i@canalblog.com,Male,básico,5/13/2022
86-4429040,Katine,Simper,ksimper1j@oracle.com,Bigender,padrão,12/5/2021
34-5212009,Lenci,Chevins,lchevins1k@google.es,Male,premium,5/22/2023
26-9830913,Salem,Chopin,schopin1l@nhs.uk,Male,padrão,2/9/2023
32-3101289,Wesley,Dyton,wdyton1m@technorati.com,Male,premium,12/8/2022
64-3078038,Ford,Kennea,fkennea1n@hubpages.com,Male,premium,10/18/2021
25-1741218,Ruperta,Keilty,rkeilty1o@discuz.net,Female,padrão,7/1/2023
50-0789158,Zacharia,Petrescu,zpetrescu1p@alexa.com,Male,premium,5/11/2022
27-6308480,Garrik,Stokes,gstokes1q@ucla.edu,Male,básico,9/11/2021
85-2321451,Keenan,Abdon,kabdon1r@yolasite.com,Male,padrão,8/31/2022
44-3727199,Hal,Varley,hvarley1s@seattletimes.com,Male,premium,2/4/2022
63-7545761,Cory,Thatcham,cthatcham1t@usatoday.com,Male,premium,2/27/2022
74-4482750,Uriah,Blagden,,Bigender,padrão,8/15/2022
30-0126461,Druci,Dickons,ddickons1v@zimbio.com,Female,básico,5/24/2021
42-0226222,Algernon,Anthoin,aanthoin1w@hhs.gov,Male,padrão,3/31/2023
13-5617979,Jerrine,Jerram,jjerram1x@fotki.com,Female,padrão,11/17/2022
65-8914929,Burton,Woolforde,bwoolforde1y@huffingtonpost.com,Male,básico,5/5/2022
48-4916730,Kele,Swayte,kswayte1z@163.com,Male,básico,3/31/2021
25-0461762,Chris,Sanzio,csanzio20@photobucket.com,Female,premium,10/18/2022
44-2124478,Grenville,Sargeant,,Male,padrão,7/3/2023
10-6524667,Jakie,Grigsby,jgrigsby22@simplemachines.org,Male,premium,3/5/2023
55-9825328,Duffy,Secretan,dsecretan23@indiegogo.com,Male,básico,8/19/2022
49-3861891,Tristam,Slocum,tslocum24@youku.com,Male,básico,4/13/2022
45-7052908,Zitella,Torel,ztorel25@rakuten.co.jp,Female,premium,6/7/2021
86-6575229,Minnaminnie,Auger,mauger26@cargocollective.com,Female,padrão,10/10/2022
47-4195571,Izak,Keune,ikeune27@state.gov,Male,básico,5/21/2023
71-6134650,Jessa,Climar,jclimar28@dell.com,Female,premium,1/21/2023
37-9447819,Abigale,Benjafield,abenjafield29@auda.org.au,Female,premium,8/15/2021
04-5994635,Osgood,Fannon,ofannon2a@china.com.cn,Male,padrão,12/31/2020
06-6776185,Torre,Donegan,tdonegan2b@taobao.com,Male,padrão,9/24/2021
24-8636847,Consolata,Fussey,cfussey2c@blog.com,Female,básico,8/10/2022
02-3686794,Abran,Bresner,abresner2d@pcworld.com,Male,básico,1/30/2023
06-2869523,Royce,Vonasek,rvonasek2e@sina.com.cn,Male,básico,8/1/2022
63-2389207,Isidore,Drakard,idrakard2f@nationalgeographic.com,Male,premium,7/18/2021
86-1923971,Lenee,Shorton,lshorton2g@alexa.com,Female,básico,5/12/2023
63-5377382,Tonia,Attreed,tattreed2h@macromedia.com,Female,premium,2/16/2023
80-3722561,Neda,Patley,npatley2i@wikimedia.org,Female,premium,2/21/2023
22-3861572,Ruprecht,Balke,,Male,premium,5/26/2023
32-1395016,Rosemary,Woodford,rwoodford2k@cbc.ca,Bigender,padrão,12/31/2022
28-7075646,Chiarra,Bearman,,Female,básico,11/9/2022
74-0638543,Terrel,McClenan,tmcclenan2m@printfriendly.com,Male,premium,9/24/2022
10-3272248,Reg,Jakobssen,rjakobssen2n@unicef.org,Male,padrão,9/8/2021
68-9890164,Hakeem,Pedlow,hpedlow2o@meetup.com,Male,premium,4/2/2021
66-1141832,Dillie,Blackie,dblackie2p@marriott.com,Male,padrão,6/17/2021
49-0374546,Bertram,Meiningen,bmeiningen2q@jimdo.com,Male,padrão,6/20/2021
66-5026274,Katlin,Laxe,,Female,padrão,4/25/2021
48-6817229,Shane,Enderwick,senderwick2s@jiathis.com,Male,básico,2/28/2023
63-6328492,Cristabel,Cordingley,ccordingley2t@unblog.fr,Female,padrão,12/3/2021
74-8772999,Willem,Blaschke,wblaschke2u@utexas.edu,Male,padrão,2/16/2023
65-4638523,Gwendolen,Wickliffe,gwickliffe2v@histats.com,Female,padrão,12/25/2020
41-1450478,Millard,Critzen,mcritzen2w@storify.com,Male,premium,7/17/2022
62-3995188,Marney,Aven,maven2x@privacy.gov.au,Female,premium,5/27/2021
24-5691145,Orran,Speers,,Male,premium,10/29/2022
17-5051679,Tracie,Aslam,taslam2z@nbcnews.com,Female,premium,6/1/2022
83-9106865,Colly,Filtness,cfiltness30@nba.com,Female,padrão,10/8/2022
13-5271341,Huntley,Kordas,hkordas31@usa.gov,Male,premium,7/31/2022
32-4582990,Hedvige,Speariett,hspeariett32@discuz.net,Polygender,básico,8/28/2022
02-8314131,Darrel,Frankel,dfrankel33@goo.gl,Male,básico,8/28/2021
82-6383953,Raimondo,Ambrozewicz,,Male,básico,8/11/2021
85-3515419,Farlay,Bartosch,fbartosch35@yahoo.com,Agender,padrão,6/26/2022
29-9716954,Selby,Willgress,,Male,padrão,1/29/2023
70-4284996,Minnie,Methingam,mmethingam37@eepurl.com,Polygender,premium,10/23/2021
34-7157600,Hilton,Lamping,,Agender,padrão,10/25/2020
93-4915527,Mort,Mitrikhin,mmitrikhin39@acquirethisname.com,Male,premium,9/11/2021
00-7121251,Matthaeus,Binham,mbinham3a@hugedomains.com,Male,básico,11/28/2020
04-4906435,Blaine,McKennan,bmckennan3b@newyorker.com,Male,padrão,3/14/2023
41-4336229,Siusan,Aronow,saronow3c@webs.com,Female,padrão,11/24/2020
75-1390252,Renaud,Penhale,rpenhale3d@elpais.com,Male,premium,8/31/2022
44-5262100,Dniren,Patshull,dpatshull3e@twitter.com,Non-binary,premium,4/25/2022
10-9533421,Susanna,Cadore,scadore3f@xrea.com,Female,premium,4/1/2023
41-2686714,Andrej,Gillhespy,agillhespy3g@unesco.org,Male,premium,12/11/2022
88-6229285,Clair,Russell,crussell3h@yale.edu,Male,premium,8/20/2022
60-9086404,Tracy,Pierrepoint,tpierrepoint3i@smugmug.com,Polygender,padrão,11/16/2022
65-6231946,Anabella,Gohn,agohn3j@geocities.jp,Female,premium,1/1/2022
33-2659535,Domini,Clemintoni,dclemintoni3k@sciencedaily.com,Female,básico,12/11/2021
53-0597246,Sammie,Butterick,sbutterick3l@g.co,Male,padrão,11/7/2022
71-8081011,Alex,Jenkyn,ajenkyn3m@123-reg.co.uk,Male,básico,6/10/2022
03-6540970,Valaree,Ropkes,vropkes3n@soup.io,Female,padrão,11/23/2020
64-8293106,Elisabet,Trippett,etrippett3o@hc360.com,Female,padrão,5/23/2021
27-6068903,Phil,Swate,pswate3p@wordpress.org,Male,premium,7/24/2022
81-8326653,Junie,Hutton,jhutton3q@booking.com,Female,padrão,1/15/2023
86-3596972,Ethan,Gallamore,egallamore3r@oracle.com,Male,premium,1/24/2022
58-0630610,Brunhilde,McJarrow,,Female,básico,6/27/2022
19-3928702,Alaine,Marley,amarley3t@deviantart.com,Female,padrão,2/19/2022
02-7911696,Odelle,Roiz,oroiz3u@youtube.com,Female,padrão,1/30/2023
73-8872721,Meyer,Hulles,mhulles3v@businessweek.com,Polygender,básico,6/4/2022
08-2941920,Jada,Brackenridge,jbrackenridge3w@nsw.gov.au,Female,padrão,5/3/2022
52-4581613,Clerkclaude,Touson,ctouson3x@un.org,Male,premium,12/18/2021
04-6030012,Rem,Tinton,rtinton3y@redcross.org,Male,básico,12/8/2022
39-3700788,Ermin,Harkess,eharkess3z@newyorker.com,Male,básico,10/26/2020
81-9028938,Homerus,Tanswill,htanswill40@privacy.gov.au,Male,básico,11/22/2021
21-1643067,Eb,Rojas,erojas41@tripadvisor.com,Male,básico,3/23/2023
70-8288416,Giulietta,Milington,gmilington42@livejournal.com,Female,básico,8/31/2022
96-9472025,Renaldo,Allsepp,rallsepp43@toplist.cz,Male,básico,10/26/2022
44-3565332,Buddy,Dabs,bdabs44@tuttocitta.it,Male,básico,12/16/2022
36-8007595,Ira,Perillo,iperillo45@imdb.com,Female,padrão,3/13/2022
60-1192436,Virgil,Oene,voene46@bloglines.com,Male,premium,7/16/2021
70-6788706,Domeniga,Boutflour,,Female,básico,4/15/2023
07-3951536,Martguerita,Spini,mspini48@alexa.com,Female,premium,12/18/2020
89-3675551,Alphard,Klasen,aklasen49@xing.com,Male,básico,11/9/2022
23-8536181,Bartlett,Davidofski,bdavidofski4a@bandcamp.com,Male,premium,3/9/2022
97-6395153,Benetta,Ruse,bruse4b@taobao.com,Female,básico,4/19/2023
13-5727658,Mattie,Eisikowitz,,Male,básico,1/31/2023
37-6871663,Catherin,Havis,,Agender,padrão,12/20/2022
36-0032587,Ogdan,Simonelli,osimonelli4e@smh.com.au,Male,básico,4/7/2022
88-1546623,Winni,Du Fray,wdufray4f@tumblr.com,Female,premium,5/17/2022
61-8616257,Carroll,Perigeaux,cperigeaux4g@umn.edu,Male,premium,7/23/2022
68-0176854,Thayne,Blaydon,tblaydon4h@indiegogo.com,Genderfluid,padrão,11/27/2022
43-6801534,Marris,Apple,mapple4i@businessinsider.com,Female,padrão,1/23/2021
28-1128771,Zared,Woonton,zwoonton4j@ask.com,Male,padrão,11/28/2022
94-7498957,Aldric,Windibank,awindibank4k@huffingtonpost.com,Genderfluid,padrão,6/21/2023
81-7941231,Gordie,Zohrer,gzohrer4l@naver.com,Male,padrão,12/3/2021
82-0454963,Joanne,Morphet,jmorphet4m@nhs.uk,Female,padrão,11/14/2020
65-6560399,Lissie,Nerger,lnerger4n@vk.com,Bigender,premium,3/30/2023
11-1934372,Trevor,Eager,teager4o@fda.gov,Male,padrão,12/23/2020
87-8478425,Bartram,Tuite,btuite4p@so-net.ne.jp,Male,básico,10/17/2020
81-7288501,Blythe,Brazur,bbrazur4q@army.mil,Female,premium,5/8/2021
41-8837779,Glynn,Caudwell,gcaudwell4r@google.com.br,Male,premium,10/19/2020
58-3430767,Elizabeth,Stuckley,estuckley4s@cnet.com,Female,básico,7/2/2022
27-2969851,Pascale,Doldon,pdoldon4t@pbs.org,Male,padrão,5/25/2023
39-7134743,Arabella,Albiston,aalbiston4u@creativecommons.org,Female,padrão,3/2/2021
42-1760747,Garrot,Torr,gtorr4v@google.com,Bigender,premium,6/13/2022
93-0503191,Nicolis,Heinsius,nheinsius4w@blog.com,Male,premium,7/9/2022
54-9840069,Lianna,Lodge,llodge4x@huffingtonpost.com,Genderqueer,premium,6/8/2022
99-6939538,Cassie,Foskew,cfoskew4y@upenn.edu,Female,básico,10/23/2020
03-3353867,Joscelin,Jonuzi,jjonuzi4z@indiegogo.com,Female,premium,3/7/2021
65-8137849,Brade,Winfield,bwinfield50@php.net,Male,básico,2/18/2022
25-5766861,Jolyn,Bassill,jbassill51@studiopress.com,Female,padrão,3/22/2023
50-1177490,Eleni,Fishburn,,Polygender,padrão,12/2/2020
74-7679897,Trudey,Abramski,tabramski53@cnet.com,Female,premium,11/6/2022
36-2100487,Durand,Garfield,dgarfield54@yandex.ru,Male,básico,6/7/2022
95-6635139,Rebeca,Cassie,,Female,premium,11/7/2021
80-0955440,Gabriele,Benn,gbenn56@virginia.edu,Male,premium,12/7/2022
10-7684224,Kerstin,Salvati,ksalvati57@phoca.cz,Female,básico,2/13/2023
02-0482615,Simone,Allsopp,sallsopp58@ehow.com,Male,básico,1/26/2023
75-5722925,Orran,Ralton,oralton59@newyorker.com,Male,premium,12/28/2022
28-1375918,Drugi,Laurand,dlaurand5a@toplist.cz,Male,padrão,11/2/2021
33-1475553,Rochelle,Boothby,rboothby5b@nytimes.com,Female,básico,12/16/2020
19-6875450,Darcy,Weins,dweins5c@alexa.com,Polygender,premium,4/20/2022
69-3085378,Woodman,Kornousek,wkornousek5d@va.gov,Male,premium,5/26/2021
64-9353980,Mose,Brownsmith,mbrownsmith5e@g.co,Male,padrão,5/1/2023
71-4275752,Drake,Ricioppo,dricioppo5f@sun.com,Male,padrão,4/8/2022
76-7174433,Elysia,Crowcum,ecrowcum5g@nsw.gov.au,Female,premium,5/8/2023
79-3609213,Luce,Annis,lannis5h@kickstarter.com,Female,básico,3/4/2023
21-4231477,Zora,Salomon,zsalomon5i@mysql.com,Polygender,premium,5/28/2021
65-0308222,Devy,Dible,ddible5j@facebook.com,Male,básico,9/28/2022
25-2852118,Sandra,Robrose,srobrose5k@google.com.au,Female,padrão,11/28/2022
10-0546815,Lelia,Gostling,lgostling5l@deviantart.com,Female,padrão,10/9/2022
44-0342399,Balduin,Armour,barmour5m@wisc.edu,Bigender,padrão,2/22/2023
08-3942655,Jorge,Arrington,jarrington5n@dailymotion.com,Male,premium,11/5/2021
42-6461171,Julina,McCutcheon,jmccutcheon5o@technorati.com,Female,premium,1/9/2021
29-5054537,Levey,Teligin,lteligin5p@etsy.com,Male,premium,6/7/2023
58-9300281,Zared,Brookhouse,zbrookhouse5q@cbc.ca,Bigender,padrão,5/21/2023
40-9347057,Berny,Large,blarge5r@shop-pro.jp,Non-binary,básico,10/4/2022
24-0320439,Toddie,Kynastone,tkynastone5s@jugem.jp,Male,básico,4/23/2021
21-0250425,Odetta,Limpertz,olimpertz5t@friendfeed.com,Female,básico,5/24/2023
84-3135694,Ruprecht,Wiersma,rwiersma5u@sourceforge.net,Non-binary,padrão,12/10/2020
47-7409290,Agustin,O'Shea,aoshea5v@imgur.com,Male,básico,6/26/2023
68-1206558,Yvon,Bode,ybode5w@gravatar.com,Male,premium,10/13/2022
88-5776159,Ripley,Kyndred,rkyndred5x@thetimes.co.uk,Male,padrão,8/17/2022
28-3827037,Garth,Budleigh,gbudleigh5y@theatlantic.com,Male,básico,3/28/2023
57-9374884,Neill,Woan,nwoan5z@cbc.ca,Male,padrão,6/29/2022
63-3223179,Claribel,Farress,cfarress60@ocn.ne.jp,Polygender,básico,5/11/2021
74-2675935,Candi,Sissot,csissot61@digg.com,Genderqueer,padrão,10/13/2022
41-2408042,Merrilee,Lickess,mlickess62@cafepress.com,Female,padrão,1/29/2021
62-3741368,Florry,Raiker,fraiker63@merriam-webster.com,Female,básico,12/22/2020
78-3220067,Jerrylee,Espinal,jespinal64@discovery.com,Female,padrão,3/17/2023
01-0515980,Blanca,Wickey,bwickey65@paginegialle.it,Female,padrão,4/4/2023
72-0108830,Isaac,Duggen,iduggen66@tinyurl.com,Male,premium,3/26/2023
48-0939221,Julius,Millard,jmillard67@deviantart.com,Non-binary,básico,5/16/2023
50-3861318,Vivyan,Dungee,vdungee68@ebay.co.uk,Female,premium,3/2/2022
71-7042909,Fredia,Rigolle,frigolle69@vimeo.com,Female,padrão,1/7/2022
12-2849142,Kimmi,MacFadin,kmacfadin6a@merriam-webster.com,Female,padrão,9/11/2022
64-7972095,Gill,Sibbons,gsibbons6b@bravesites.com,Male,padrão,3/7/2022
89-6301466,Ludovika,Scoular,lscoular6c@goodreads.com,Female,básico,9/30/2022
01-2121455,Sarine,Jewell,sjewell6d@spotify.com,Female,premium,4/26/2021
76-1833528,Virge,Hearnshaw,vhearnshaw6e@umich.edu,Male,premium,11/20/2020
98-7559022,Chrotoem,Merill,cmerill6f@php.net,Male,padrão,4/3/2021
55-6683456,Tedd,Coltart,,Agender,básico,8/13/2022
31-9885436,Trudey,Jessen,tjessen6h@wunderground.com,Female,básico,10/8/2022
38-3425944,Ray,Addlestone,raddlestone6i@soup.io,Female,básico,8/16/2021
49-4235024,Sasha,Dawson,sdawson6j@home.pl,Male,básico,12/2/2022
27-0434763,Jarad,Hamel,jhamel6k@devhub.com,Male,padrão,11/2/2022
85-3720602,Royal,Relton,rrelton6l@webs.com,Male,premium,11/25/2022
06-6036672,Maurise,MacTurlough,mmacturlough6m@google.com,Female,premium,4/14/2021
20-2288618,Lin,Thomsson,lthomsson6n@purevolume.com,Female,padrão,12/9/2021
00-2868505,Phebe,Wraight,,Female,básico,2/15/2023
59-8463677,Bradan,Halfhide,bhalfhide6p@bluehost.com,Male,premium,10/6/2020
96-0566754,Svend,Risman,srisman6q@foxnews.com,Male,premium,2/9/2021
69-4197844,Johnathon,Cadney,jcadney6r@hao123.com,Bigender,padrão,10/2/2021
42-0798415,Filia,Cuphus,fcuphus6s@amazonaws.com,Agender,padrão,6/23/2021
35-5941329,James,Meakin,jmeakin6t@google.pl,Genderqueer,básico,4/19/2023
28-0597768,Linc,Boggon,lboggon6u@yolasite.com,Male,premium,11/24/2020
40-6283090,Alain,Attawell,aattawell6v@rakuten.co.jp,Male,básico,1/12/2023
28-4457287,Zora,Biddlestone,zbiddlestone6w@time.com,Female,padrão,10/6/2021
88-4093544,Aguistin,Pierton,apierton6x@gov.uk,Male,premium,1/16/2023
51-1492369,Rheta,Jordison,rjordison6y@telegraph.co.uk,Female,básico,2/18/2023
62-9026212,Lavinia,Mayberry,lmayberry6z@huffingtonpost.com,Bigender,padrão,4/19/2021
05-4781785,Cletis,Domerc,cdomerc70@opera.com,Male,padrão,4/19/2023
54-5577618,Frederica,Juza,fjuza71@weather.com,Agender,padrão,1/30/2021
24-1551554,Joanie,Martello,jmartello72@mail.ru,Polygender,básico,9/12/2022
57-2369558,Lonni,Windle,lwindle73@pcworld.com,Genderqueer,padrão,2/1/2022
80-7571573,Jania,Chicchelli,jchicchelli74@shutterfly.com,Female,padrão,1/23/2022
34-1460957,Joycelin,Rambadt,jrambadt75@ihg.com,Female,básico,9/14/2021
04-5178405,Theresita,Ghent,tghent76@myspace.com,Female,premium,5/30/2023
26-0114306,Barri,Swane,bswane77@tripod.com,Non-binary,padrão,2/11/2021
20-2048348,Jacques,Pulver,jpulver78@google.it,Male,básico,12/17/2020
72-4484105,Iorgo,Ewenson,iewenson79@merriam-webster.com,Male,premium,8/3/2022
67-7754500,Desi,Mellon,dmellon7a@xing.com,Male,padrão,5/15/2021
14-4286616,Bendix,Grimble,bgrimble7b@google.pl,Male,padrão,1/29/2023
95-8764055,Lloyd,Dupree,ldupree7c@homestead.com,Male,premium,5/22/2023
46-7907337,Sherwood,Crass,scrass7d@ezinearticles.com,Male,premium,3/7/2023
72-1235532,Jard,Louden,jlouden7e@com.com,Bigender,básico,1/15/2023
76-9486257,Odelle,Colum,ocolum7f@simplemachines.org,Female,premium,2/22/2023
75-8590194,Nathaniel,Bletsoe,nbletsoe7g@nature.com,Male,premium,11/8/2020
79-2983736,Eveleen,Wild,ewild7h@drupal.org,Female,básico,8/29/2022
45-2622876,Beauregard,Langlais,blanglais7i@opera.com,Male,básico,5/24/2022
20-5318365,Mitchael,Gregg,mgregg7j@360.cn,Male,básico,6/26/2022
56-7968540,Aldon,Gilman,agilman7k@vinaora.com,Non-binary,básico,2/1/2023
60-5862998,Zorah,Gamet,zgamet7l@irs.gov,Female,premium,2/10/2021
95-5499001,Kurt,Tinman,ktinman7m@mapy.cz,Male,padrão,6/30/2023
89-6224792,Irving,Cloughton,icloughton7n@bing.com,Male,premium,1/29/2022
52-7770665,Reeba,Sheldrake,rsheldrake7o@google.cn,Female,padrão,6/10/2023
80-0270214,Godwin,Spellicy,gspellicy7p@reddit.com,Male,premium,12/1/2022
67-7149174,Bunni,Sarginson,bsarginson7q@hibu.com,Female,premium,11/17/2021
84-1407401,Norry,Jarmain,njarmain7r@dyndns.org,Male,premium,4/20/2021
47-6130213,Mead,Puttergill,mputtergill7s@woothemes.com,Female,básico,1/27/2021
54-5403433,Morgun,Adamowicz,madamowicz7t@e-recht24.de,Male,premium,7/7/2022
42-9654857,Isidoro,Josefsson,ijosefsson7u@tripod.com,Male,premium,7/13/2021
99-1726847,Ely,Smead,esmead7v@furl.net,Male,premium,1/28/2023
82-5931885,Gabbie,Handman,ghandman7w@diigo.com,Male,básico,3/21/2023
73-7958073,Lucinda,Nockalls,lnockalls7x@wisc.edu,Female,básico,5/22/2021
86-5527868,Penelopa,Wildbore,pwildbore7y@paginegialle.it,Female,padrão,4/16/2022
74-0306340,Jonas,Brayn,jbrayn7z@umn.edu,Male,básico,10/30/2022
60-1110396,Arlan,Kestle,akestle80@tinypic.com,Male,padrão,10/21/2021
65-1774646,Bibbye,MacLoughlin,bmacloughlin81@chron.com,Female,básico,2/16/2021
21-9119695,Bertram,Lillistone,blillistone82@tinyurl.com,Male,básico,10/10/2021
34-6909454,Sioux,Gingold,,Female,padrão,6/15/2021
01-8003978,Adolpho,Newby,anewby84@goodreads.com,Male,padrão,4/12/2023
14-1674641,Ebenezer,Hugonneau,ehugonneau85@trellian.com,Male,premium,5/9/2023
56-6898667,Bird,Fawley,bfawley86@tinypic.com,Female,padrão,2/8/2022
85-2828638,Zedekiah,Vercruysse,zvercruysse87@huffingtonpost.com,Male,básico,2/16/2022
16-6160052,Janey,Haxell,jhaxell88@woothemes.com,Female,padrão,11/1/2021
72-6556784,Fred,Ohanessian,fohanessian89@wordpress.com,Female,básico,6/13/2022
75-8144834,Michaella,Shakspeare,mshakspeare8a@meetup.com,Female,premium,5/5/2023
29-0062618,Carrol,Gregine,cgregine8b@harvard.edu,Male,básico,3/24/2022
84-1768384,Henri,Pechell,hpechell8c@51.la,Male,padrão,4/2/2022
95-2540530,Pandora,Lickorish,plickorish8d@google.co.jp,Female,padrão,1/10/2022
14-1430092,Terrie,Deeprose,tdeeprose8e@microsoft.com,Bigender,padrão,5/8/2021
46-6039545,Angel,Trail,atrail8f@dell.com,Female,básico,4/27/2022
86-3288173,Thorstein,Cruikshank,tcruikshank8g@weebly.com,Male,básico,7/23/2022
24-8013338,Stacee,Just,sjust8h@spiegel.de,Male,premium,3/29/2023
13-7250629,Stormie,Faulkener,sfaulkener8i@ed.gov,Female,padrão,8/26/2022
25-4905299,Sissie,Andreini,sandreini8j@edublogs.org,Genderfluid,básico,6/9/2022
40-9623627,Patricio,Blampied,,Male,padrão,1/20/2023
53-4231475,Jacqueline,Tatam,,Female,padrão,9/25/2022
93-7241660,Ludovico,Kayes,lkayes8m@dropbox.com,Genderqueer,premium,7/13/2022
89-6629367,Ferdie,de Juares,fdejuares8n@infoseek.co.jp,Male,premium,6/20/2023
89-3377458,Carr,Sowrah,csowrah8o@ox.ac.uk,Male,básico,2/12/2021
41-4857929,Ivette,Primrose,iprimrose8p@ibm.com,Female,premium,4/9/2022
69-2598973,Foster,Josephs,fjosephs8q@barnesandnoble.com,Male,padrão,10/1/2021
10-0206405,Hurlee,Brauner,hbrauner8r@google.ru,Male,padrão,1/8/2023
70-4203424,Curt,Rudolph,crudolph8s@edublogs.org,Male,básico,12/1/2020
30-0090665,Caprice,Baulch,cbaulch8t@hc360.com,Female,básico,8/28/2022
04-6347100,Davina,Borg,dborg8u@paginegialle.it,Female,premium,1/27/2023
65-9038917,Blanch,Snashall,bsnashall8v@psu.edu,Female,premium,4/16/2023
51-7764134,Carmel,Shergold,,Female,premium,4/18/2022
44-6187350,Zackariah,Burdoun,zburdoun8x@hao123.com,Male,premium,6/21/2022
87-8002126,Ermin,Annatt,eannatt8y@comsenz.com,Male,premium,5/21/2023
49-4606763,Paquito,McVrone,pmcvrone8z@livejournal.com,Male,padrão,12/2/2022
41-0588397,Clem,Frowing,cfrowing90@biglobe.ne.jp,Male,premium,1/25/2021
31-4362730,Isabelita,Pentercost,ipentercost91@nhs.uk,Female,básico,3/1/2022
14-5556666,Wyatt,Rothery,wrothery92@unesco.org,Male,premium,3/7/2021
33-8775007,Fraze,Gillson,fgillson93@zimbio.com,Male,premium,2/18/2023
22-4729016,Georas,Bolt,,Male,premium,10/10/2022
52-2442124,Holmes,Lingner,hlingner95@chicagotribune.com,Male,padrão,1/3/2021
90-4253220,Boycey,Stenner,bstenner96@bigcartel.com,Male,padrão,12/2/2022
67-7521744,Cleon,Rozycki,crozycki97@google.com.au,Male,básico,2/26/2023
77-2029718,Kordula,Klyn,,Female,básico,8/3/2021
34-5505563,Johny,Peterkin,jpeterkin99@sohu.com,Male,padrão,12/15/2022
08-1164616,Ludovika,Simonnot,lsimonnot9a@scientificamerican.com,Female,premium,5/13/2022
77-8528296,Gretal,Brogden,gbrogden9b@npr.org,Female,premium,10/2/2022
23-5623198,Shel,McAleese,,Female,padrão,2/8/2022
77-4733041,Allyn,Nelthropp,anelthropp9d@angelfire.com,Male,básico,7/1/2023
06-3998405,Sharleen,Ayto,sayto9e@wordpress.com,Female,premium,6/4/2023
38-9402605,Eugenio,Kealey,ekealey9f@posterous.com,Male,padrão,5/25/2021
23-2811632,Joyan,Ladel,jladel9g@senate.gov,Female,padrão,2/25/2023
63-7968970,Lorain,Asty,lasty9h@imageshack.us,Female,básico,11/20/2020
77-6870293,Dulci,Falkus,dfalkus9i@wikia.com,Female,básico,3/21/2021
69-5334672,Zoe,Wehner,zwehner9j@google.nl,Female,padrão,3/28/2023
50-3337660,Gibb,Darlison,gdarlison9k@php.net,Male,premium,11/16/2021
85-8629165,Katleen,Gatteridge,kgatteridge9l@google.com.hk,Genderfluid,básico,12/18/2022
27-1805782,Cari,Cholomin,ccholomin9m@taobao.com,Female,padrão,6/13/2022
09-1553167,Andonis,Pitts,apitts9n@ft.com,Male,padrão,7/8/2021
43-4171785,Saidee,Ferrierio,sferrierio9o@yelp.com,Female,padrão,12/24/2020
40-2565588,Wilmette,Rockwell,wrockwell9p@blogger.com,Female,padrão,1/1/2021
91-9286875,Vail,Schoffler,vschoffler9q@behance.net,Agender,padrão,9/29/2021
16-7108826,Anjela,Huban,ahuban9r@pcworld.com,Female,padrão,1/26/2021
76-1121285,Hailee,Fishbourn,hfishbourn9s@ask.com,Female,padrão,2/9/2022
86-0076159,Bessy,Fairrie,bfairrie9t@bloglovin.com,Female,premium,4/19/2023
56-3307890,Tedi,Coltman,tcoltman9u@altervista.org,Female,premium,10/11/2020
41-8754150,Rubin,Jemison,rjemison9v@wired.com,Male,padrão,11/25/2021
90-2016663,Stanislas,Mar,,Male,padrão,10/4/2022
78-0080102,Orv,Grimbaldeston,ogrimbaldeston9x@sina.com.cn,Male,premium,4/22/2022
53-0267825,Ingrid,Paten,ipaten9y@163.com,Female,padrão,4/12/2023
65-6948081,Herby,De Roberto,hderoberto9z@bluehost.com,Male,premium,11/15/2020
18-0761270,Eddi,McFadyen,emcfadyena0@yale.edu,Female,padrão,4/6/2022
23-6581339,Simeon,Krebs,skrebsa1@ehow.com,Male,premium,6/8/2021
74-2608295,Lilias,Whitehead,lwhiteheada2@auda.org.au,Female,premium,4/27/2021
47-1389274,Irita,Rames,iramesa3@apache.org,Female,básico,5/30/2022
86-8446924,Silvana,Fernando,sfernandoa4@multiply.com,Female,básico,3/12/2021
54-6086585,Hilarius,Legendre,hlegendrea5@xing.com,Male,básico,7/20/2022
36-0363292,Fonsie,Gerish,fgerisha6@mayoclinic.com,Male,padrão,5/5/2023
16-8074748,Kinnie,Shyre,kshyrea7@stumbleupon.com,Male,padrão,4/9/2021
95-4991518,Marshall,Need,mneeda8@ted.com,Male,premium,8/3/2022
50-3795149,Kathrine,Kelledy,kkelledya9@cloudflare.com,Female,premium,3/24/2022
68-0684995,Milton,Tomini,,Polygender,padrão,5/26/2022
71-8404466,Sascha,Strangwood,sstrangwoodab@java.com,Male,básico,1/15/2022
80-3671481,Arlee,Givens,agivensac@cyberchimps.com,Polygender,básico,2/17/2021
19-9200381,Rosie,Frenzl,rfrenzlad@whitehouse.gov,Agender,básico,4/28/2023
72-9837053,Winifield,Hollerin,whollerinae@ca.gov,Male,padrão,12/6/2021
85-2098400,Cindelyn,Tomisch,ctomischaf@opera.com,Female,padrão,6/10/2022
61-0669876,Barty,Corcut,bcorcutag@creativecommons.org,Male,padrão,1/26/2023
36-6686788,Eloise,Habble,ehabbleah@npr.org,Female,premium,9/5/2022
25-4793540,Gerrard,Kidsley,gkidsleyai@netlog.com,Male,básico,2/21/2023
41-2251473,Lorens,Thoresby,lthoresbyaj@craigslist.org,Male,padrão,8/25/2021
36-2231688,Kelsey,Merton,kmertonak@typepad.com,Male,premium,6/9/2023
25-6558963,Cayla,Winsper,cwinsperal@cisco.com,Female,premium,10/15/2021
61-0130683,Laure,Conduit,lconduitam@360.cn,Female,premium,3/3/2023
71-8623911,Ewell,Harling,eharlingan@globo.com,Male,premium,3/5/2023
54-3297320,Salomi,Fildes,sfildesao@printfriendly.com,Agender,padrão,3/29/2022
75-4268904,Alasteir,Stonnell,astonnellap@hao123.com,Male,padrão,11/12/2020
24-4849812,Bax,Showl,bshowlaq@cmu.edu,Male,padrão,2/5/2022
01-7442321,Randolf,Hamlyn,rhamlynar@shareasale.com,Male,premium,3/27/2021
36-9588326,Sherilyn,Borles,sborlesas@dropbox.com,Female,padrão,12/22/2021
69-5846189,Xenos,Esch,,Male,básico,8/11/2021
00-6267894,Emlyn,Wedmore.,,Female,básico,11/29/2022
65-3471749,Malorie,Gonzales,mgonzalesav@hibu.com,Female,padrão,11/17/2022
48-5885962,Tarah,Wenham,twenhamaw@ftc.gov,Female,premium,4/5/2023
37-8931314,Laraine,Grieves,lgrievesax@ibm.com,Female,premium,5/5/2023
39-4961352,Bartram,Lamartine,blamartineay@woothemes.com,Non-binary,premium,5/5/2021
09-6548008,Bartholemy,Hollyard,bhollyardaz@quantcast.com,Male,premium,3/26/2022
95-9519462,Neils,Stammirs,nstammirsb0@biblegateway.com,Male,premium,8/26/2022
97-7983482,Mavra,Snoddon,msnoddonb1@icq.com,Female,padrão,3/14/2021
94-9392954,Kory,Blesing,kblesingb2@a8.net,Male,básico,9/21/2021
51-2099947,Cobb,Galiero,cgalierob3@abc.net.au,Male,padrão,9/11/2021
04-2849959,Killie,Dyos,kdyosb4@prweb.com,Agender,premium,3/21/2023
82-1080578,Julian,Genthner,jgenthnerb5@boston.com,Male,premium,1/5/2023
11-1761969,Marin,Pheasey,,Female,básico,3/14/2022
05-1850143,Hunt,D'Elia,hdeliab7@slideshare.net,Male,padrão,9/23/2021
32-5579165,Karol,Chattelaine,kchattelaineb8@squarespace.com,Female,premium,8/17/2021
24-3068518,Hayley,Brideaux,hbrideauxb9@bluehost.com,Female,premium,11/23/2022
38-1344169,Thomas,Guerrin,tguerrinba@4shared.com,Male,premium,5/17/2022
04-8795900,Godfry,Arkley,garkleybb@columbia.edu,Male,básico,4/1/2023
33-5587559,Carline,Noli,cnolibc@shutterfly.com,Genderfluid,padrão,12/27/2021
70-6821457,Rozalie,Boat,rboatbd@zimbio.com,Female,padrão,7/3/2021
61-6027242,Aila,Normanvill,anormanvillbe@clickbank.net,Agender,básico,3/30/2022
37-2658413,Shae,McGourty,smcgourtybf@wikipedia.org,Bigender,padrão,7/11/2022
63-0013475,Syman,Frail,sfrailbg@soundcloud.com,Male,premium,6/3/2022
80-9720808,Dieter,McCromley,dmccromleybh@drupal.org,Male,premium,10/5/2021
33-1578402,Caterina,Twohig,ctwohigbi@amazon.co.jp,Female,premium,10/8/2021
87-0175826,Merrilee,Uccello,muccellobj@scribd.com,Female,padrão,2/19/2021
94-5719731,Christoffer,Sudran,csudranbk@indiatimes.com,Male,premium,7/4/2022
70-4976598,Roxane,Dye,rdyebl@chron.com,Female,padrão,11/4/2020
87-6548944,Harold,Snyder,hsnyderbm@woothemes.com,Agender,premium,8/28/2022
97-8520519,Clara,Chace,cchacebn@wikispaces.com,Female,padrão,7/14/2021
84-5835630,Prudi,Elstone,pelstonebo@soup.io,Female,padrão,7/18/2022
89-3948659,Lazaro,Somerbell,lsomerbellbp@bbc.co.uk,Male,premium,4/13/2022
01-7964308,Nicholas,Binion,nbinionbq@accuweather.com,Male,premium,1/23/2023
15-7669862,Amerigo,Bruin,,Male,padrão,2/20/2021
96-3376010,Matteo,Hargitt,mhargittbs@cbslocal.com,Male,padrão,2/12/2023
63-4804438,Berry,Grayley,,Agender,premium,10/23/2022
53-0967467,Hannah,West,hwestbu@upenn.edu,Female,básico,11/26/2020
34-4497078,Carey,Bucham,cbuchambv@stumbleupon.com,Female,premium,5/28/2023
27-6700787,Sheilakathryn,Trawin,strawinbw@hp.com,Agender,padrão,1/8/2021
33-0953921,Deirdre,d' Elboux,ddelbouxbx@tripod.com,Female,padrão,8/20/2021
74-6302602,Shandie,Messum,smessumby@whitehouse.gov,Female,básico,8/30/2022
86-1290310,Guillermo,Stoggles,gstogglesbz@go.com,Male,padrão,11/5/2021
48-4570543,Codi,Darrigrand,cdarrigrandc0@webs.com,Male,padrão,10/27/2020
70-7732821,Anatollo,Maudson,amaudsonc1@dropbox.com,Bigender,premium,11/7/2020
74-4257778,Gail,Menguy,gmenguyc2@xrea.com,Male,básico,8/27/2022
19-9029601,Urbain,Jeannard,ujeannardc3@vistaprint.com,Male,básico,3/27/2022
93-8106742,Paulo,Hollier,phollierc4@webmd.com,Polygender,básico,11/26/2021
88-9021666,Lavinie,Bottoner,lbottonerc5@istockphoto.com,Female,padrão,5/7/2023
46-2249082,Camella,Husbands,chusbandsc6@macromedia.com,Female,básico,4/8/2021
95-6952810,Julina,Winkworth,jwinkworthc7@cpanel.net,Female,premium,2/8/2022
39-4468817,Reg,Brownsmith,rbrownsmithc8@go.com,Male,premium,6/4/2022
50-2936964,Giacobo,Bruniges,gbrunigesc9@tripadvisor.com,Male,básico,9/6/2022
20-5473946,Noel,Pennaman,npennamanca@accuweather.com,Male,padrão,6/3/2023
61-7072089,Ellwood,Dilawey,edilaweycb@squarespace.com,Male,básico,9/5/2021
66-7216084,Honey,Langabeer,hlangabeercc@vk.com,Female,padrão,9/3/2021
48-2878772,Roby,Duthie,rduthiecd@marriott.com,Female,básico,3/5/2022
58-4540171,Carmina,Pickering,cpickeringce@mapquest.com,Female,básico,6/20/2021
99-9087190,Dimitri,Rose,drosecf@tamu.edu,Male,básico,6/4/2022
39-6573355,Normie,Landis,nlandiscg@ucoz.com,Male,padrão,12/28/2021
69-0002498,Jarred,Grindley,jgrindleych@elegantthemes.com,Male,básico,1/18/2023
34-7808186,Jazmin,Woodfine,jwoodfineci@mozilla.com,Female,básico,5/3/2021
17-3866697,Olga,Muriel,omurielcj@smh.com.au,Female,básico,12/18/2021
14-2352898,Hermina,Novelli,hnovellick@a8.net,Female,premium,2/25/2023
73-4978701,Rancell,Brunn,rbrunncl@g.co,Male,básico,8/27/2021
15-3780196,Karlen,Antonnikov,kantonnikovcm@unesco.org,Female,padrão,12/23/2022
46-1802226,Lynelle,Bagott,lbagottcn@webs.com,Female,básico,8/6/2021
63-5651344,Andrei,Trevaskiss,atrevaskissco@mapy.cz,Female,padrão,11/15/2020
11-8163015,Deeann,Lanchberry,dlanchberrycp@theglobeandmail.com,Female,básico,1/23/2023
36-2283142,Emlynn,Nattrass,enattrasscq@hubpages.com,Female,padrão,11/1/2022
41-9107223,Tuck,Wade,,Male,premium,8/15/2021
30-6491927,Timmy,Siene,tsienecs@ezinearticles.com,Male,básico,10/4/2022
91-8133017,Sibilla,Winters,swintersct@jiathis.com,Female,padrão,1/8/2022
97-7657914,Jacenta,Allwood,jallwoodcu@phoca.cz,Female,padrão,10/24/2022
97-7386348,Truda,Clooney,tclooneycv@shutterfly.com,Female,premium,5/9/2022
70-5370388,Todd,von Grollmann,tvongrollmanncw@oracle.com,Male,básico,9/2/2022
95-1269349,Phillie,Morigan,pmorigancx@umn.edu,Female,básico,2/26/2023
06-2794387,Josey,Sultana,jsultanacy@intel.com,Female,padrão,8/17/2021
98-1930528,Salim,Redmond,sredmondcz@whitehouse.gov,Agender,padrão,10/16/2020
97-1642261,Minta,Rasmus,mrasmusd0@hubpages.com,Female,básico,6/19/2023
73-4364063,Alyosha,Musprat,amuspratd1@pcworld.com,Non-binary,premium,6/3/2021
06-1834578,Daryn,Glencrash,dglencrashd2@oracle.com,Female,padrão,4/30/2023
23-1706901,Orrin,Soldan,osoldand3@nytimes.com,Male,básico,11/13/2021
50-0023012,Elonore,Cappleman,ecapplemand4@prnewswire.com,Agender,premium,11/12/2022
06-5846708,Leodora,Mattevi,lmattevid5@google.com,Female,padrão,12/31/2021
44-0333368,Mollee,Fleckney,mfleckneyd6@homestead.com,Female,premium,12/10/2020
42-4683265,Butch,Rochford,,Male,premium,3/29/2022
14-8925755,Thorsten,Candelin,tcandelind8@cornell.edu,Male,premium,1/14/2023
34-5819642,Ernestus,Dayne,edayned9@blogs.com,Male,premium,10/20/2021
19-3286643,Uriel,Gilfoyle,,Male,padrão,1/12/2023
87-5750718,Morse,Philipard,,Male,básico,3/13/2023
34-4509606,Shem,McClenan,smcclenandc@npr.org,Male,premium,1/1/2021
33-5692678,Twyla,Colt,tcoltdd@networkadvertising.org,Female,premium,12/6/2021
31-1369312,Nikos,Geikie,ngeikiede@intel.com,Male,premium,7/10/2022
86-1716621,Corrine,Gerardin,cgerardindf@youtu.be,Female,básico,9/24/2021
58-5606921,Guillaume,Swale,gswaledg@prlog.org,Male,premium,1/13/2022
55-6217349,Yardley,Stryde,ystrydedh@shareasale.com,Male,básico,2/21/2023
51-1047324,Nev,Leist,nleistdi@cafepress.com,Non-binary,premium,2/21/2021
24-0910552,Ignaz,Iddon,,Male,premium,2/17/2022
25-7335701,Leona,Monson,lmonsondk@google.nl,Female,básico,7/2/2021
87-4134054,Chad,Francillo,,Male,premium,2/23/2023
07-6746583,Valentino,Barizeret,vbarizeretdm@slate.com,Male,padrão,10/13/2021
67-0935026,Darill,Wharby,dwharbydn@nba.com,Male,padrão,8/3/2022
38-3786916,Ellswerth,Byrne,ebyrnedo@rakuten.co.jp,Male,padrão,1/15/2022
09-0166283,Lemar,Simonazzi,lsimonazzidp@disqus.com,Male,padrão,10/22/2022
93-3594648,Wyatan,Jakovijevic,wjakovijevicdq@unesco.org,Male,padrão,2/12/2023
64-0002268,Estell,Wishart,ewishartdr@elegantthemes.com,Female,básico,5/8/2023
10-2888673,Cesar,Holtum,choltumds@biblegateway.com,Male,padrão,2/17/2022
23-1147702,Grange,Osboldstone,gosboldstonedt@bbc.co.uk,Male,básico,11/6/2021
71-1628430,Trudi,Collingwood,,Female,padrão,12/20/2021
98-7918401,Culver,Digwood,,Male,padrão,8/20/2021
21-8885756,Jasen,Garms,,Male,padrão,5/10/2022
43-8290137,Abramo,Pleven,aplevendx@constantcontact.com,Male,premium,4/28/2023
45-4875068,Markus,Kabos,,Male,padrão,12/3/2022
25-0843912,Magda,Cordeix,mcordeixdz@prweb.com,Female,básico,4/8/2023
54-6736139,Rowen,Edmonds,redmondse0@smugmug.com,Male,premium,1/15/2021
84-5457592,Shoshanna,Kulicke,skulickee1@furl.net,Female,padrão,3/25/2021
13-7499548,Gilligan,Bayman,gbaymane2@utexas.edu,Female,básico,3/20/2023
01-6785519,Layne,Robak,lrobake3@github.io,Female,básico,6/9/2022
52-2090931,Norrie,Pennock,npennocke4@angelfire.com,Female,premium,10/31/2021
18-0762411,Ilyssa,Koppen,ikoppene5@virginia.edu,Female,premium,3/30/2022
45-9718901,Annamarie,McGloin,amcgloine6@columbia.edu,Bigender,padrão,6/18/2021
43-1074456,Raul,Simonson,rsimonsone7@adobe.com,Male,padrão,10/23/2022
63-3872472,Valentino,Gearing,vgearinge8@bravesites.com,Male,premium,5/14/2022
97-8548681,Hercules,Obal,hobale9@biblegateway.com,Male,básico,12/15/2021
13-8625049,Ray,Puttock,rputtockea@washington.edu,Genderfluid,padrão,3/26/2022
94-5299105,Peterus,Haddow,phaddoweb@blogs.com,Male,básico,10/28/2020
10-7379065,Gwenni,Wasselin,gwasselinec@msu.edu,Female,básico,2/28/2022
64-4900656,Nellie,Tomblin,ntomblined@goodreads.com,Non-binary,premium,1/7/2022
64-7693362,Chester,Arro,carroee@examiner.com,Male,premium,3/12/2023
09-5073988,Pepillo,Melpuss,pmelpussef@abc.net.au,Agender,básico,10/6/2022
25-3280667,Crista,Merrgen,cmerrgeneg@sourceforge.net,Female,padrão,8/7/2021
31-9570174,Isabelita,Ilyunin,iilyunineh@squidoo.com,Female,básico,10/23/2022
36-6448562,Enrique,Lavelle,elavelleei@ted.com,Genderfluid,padrão,3/31/2022
26-4181899,Lonnie,Thorburn,,Female,padrão,5/17/2021
13-9521400,Ammamaria,Aluard,aaluardek@goo.gl,Female,premium,1/27/2023
00-0510052,Vidovic,Gook,vgookel@youtube.com,Male,padrão,9/28/2022
74-1446376,Theodoric,Butson,tbutsonem@creativecommons.org,Male,premium,1/24/2023
59-1523771,Roanna,Fishbourn,rfishbournen@opensource.org,Female,premium,9/23/2022
03-0382563,Fifine,Gynne,fgynneeo@1und1.de,Female,básico,9/24/2022
82-6732832,Goldina,Webby,,Female,básico,1/1/2022
82-2248616,Jaimie,Siddens,jsiddenseq@privacy.gov.au,Bigender,padrão,3/17/2022
13-8094961,Rockwell,Cuckoo,rcuckooer@g.co,Genderqueer,premium,2/22/2023
07-3998911,Idalina,Glasspoole,iglasspoolees@google.com.br,Genderfluid,padrão,12/4/2020
06-8796604,Ignace,Jedrychowski,ijedrychowskiet@bloomberg.com,Male,premium,5/17/2021
20-7051792,Dirk,Sellers,dsellerseu@noaa.gov,Male,básico,6/19/2023
65-8019345,Katha,O'Crowley,kocrowleyev@webs.com,Female,básico,4/14/2023
55-0400496,Micheline,Bonnet,mbonnetew@usda.gov,Non-binary,padrão,9/9/2021
40-7037028,Adele,Offill,aoffillex@tinyurl.com,Female,premium,6/20/2023
04-4249237,Charmion,Etchell,cetchelley@mashable.com,Female,básico,9/14/2022
45-1235482,Tamera,Benoist,tbenoistez@stanford.edu,Female,padrão,6/4/2023
39-1685648,Kyrstin,Soares,ksoaresf0@zimbio.com,Female,básico,6/22/2023
00-4263379,Krishnah,Krzyzaniak,kkrzyzaniakf1@toplist.cz,Male,premium,10/25/2020
58-5374307,Gaston,Baldacco,gbaldaccof2@arstechnica.com,Bigender,básico,3/9/2023
77-9842630,Cam,Klampk,cklampkf3@europa.eu,Female,básico,10/8/2021
86-7139751,Humberto,Warwicker,hwarwickerf4@msu.edu,Male,premium,3/24/2021
36-5436686,Gerardo,Livesley,glivesleyf5@ning.com,Male,básico,2/15/2021
48-4058078,Jaymee,Klausen,jklausenf6@uol.com.br,Female,premium,1/8/2022
16-5830806,Micky,Noddle,mnoddlef7@nationalgeographic.com,Female,premium,3/18/2021
20-0336884,Toddie,Hinstridge,thinstridgef8@sakura.ne.jp,Male,premium,5/9/2023
28-1411454,Ulick,Beneyto,ubeneytof9@hp.com,Male,básico,4/23/2021
08-9488325,Ian,Idle,iidlefa@loc.gov,Male,básico,9/5/2022
78-7909571,Zebulon,Moyser,zmoyserfb@stanford.edu,Male,básico,1/14/2023
64-5506458,Sidnee,Astles,,Male,básico,11/10/2020
40-4976833,Pris,Libbe,plibbefd@marriott.com,Female,premium,4/9/2022
58-7016317,Maggy,Antonetti,mantonettife@sitemeter.com,Non-binary,básico,3/16/2021
96-7784042,Monique,Doulton,mdoultonff@meetup.com,Female,básico,7/2/2021
92-2123413,Thomasina,Fereday,tferedayfg@columbia.edu,Female,padrão,6/14/2023
84-3599975,Cletis,Cunniam,ccunniamfh@xrea.com,Male,básico,12/2/2020
79-0433088,Remington,Aynold,raynoldfi@storify.com,Male,básico,11/30/2021
60-1083397,Aigneis,Maciejewski,amaciejewskifj@mit.edu,Female,padrão,1/2/2021
88-4251408,Donaugh,Kingcott,dkingcottfk@com.com,Male,básico,8/15/2021
78-6400149,Rorie,Mumm,rmummfl@bizjournals.com,Female,básico,4/28/2021
16-8823032,Karola,Thow,kthowfm@vimeo.com,Female,premium,11/23/2022
04-4211821,Christel,Supple,csupplefn@zdnet.com,Female,padrão,11/4/2020
43-9476330,Freddie,Asquez,,Male,premium,7/15/2021
85-7794942,Carlyn,Giovanetti,cgiovanettifp@imgur.com,Genderfluid,básico,6/7/2021
86-2898666,Galvin,Meadmore,gmeadmorefq@telegraph.co.uk,Male,premium,8/4/2021
94-2327635,Loralyn,Urwin,lurwinfr@fema.gov,Female,padrão,3/27/2022
53-6069397,Dulcy,Bolding,dboldingfs@jalbum.net,Female,básico,5/11/2021
16-5813106,Hedvige,Tregenna,htregennaft@china.com.cn,Female,premium,6/10/2022
50-9686412,Nehemiah,Millership,nmillershipfu@hp.com,Male,básico,5/16/2022
32-4646459,Michelina,Markey,mmarkeyfv@techcrunch.com,Female,básico,5/11/2021
96-5585012,Kacey,Usborn,kusbornfw@angelfire.com,Female,premium,9/11/2022
08-1572503,Darice,Rozanski,drozanskifx@flavors.me,Non-binary,básico,7/22/2022
96-6393434,Gaven,Simic,gsimicfy@eventbrite.com,Male,básico,4/29/2022
00-4783577,Miner,Whitney,,Male,básico,12/30/2020
26-0708519,Kimmie,Scannell,kscannellg0@alexa.com,Female,premium,12/20/2022
75-9556897,Hester,Hodgon,hhodgong1@examiner.com,Female,básico,10/19/2020
69-6954973,Klemens,Lodemann,,Male,padrão,6/1/2022
58-1077037,Nanice,Pafford,npaffordg3@ox.ac.uk,Agender,premium,5/2/2022
66-4516761,Hewitt,Fishbie,hfishbieg4@theatlantic.com,Male,premium,6/23/2023
17-9288222,Grissel,Palomba,gpalombag5@shareasale.com,Female,básico,2/2/2021
27-4452053,Martha,Juniper,mjuniperg6@tuttocitta.it,Genderfluid,padrão,4/19/2022
15-1817586,Lombard,Fendley,,Male,básico,6/19/2023
94-1711288,Gratia,Orrah,gorrahg8@ezinearticles.com,Female,padrão,3/20/2023
78-3341411,Debor,Duker,ddukerg9@networksolutions.com,Female,premium,3/20/2021
41-0238544,Bertram,Reiach,breiachga@ezinearticles.com,Male,padrão,11/12/2020
24-6069995,Skipper,Dulake,sdulakegb@blogger.com,Male,premium,8/25/2022
86-5855882,Caz,Dilston,cdilstongc@chron.com,Male,padrão,4/24/2022
09-6515187,Moise,Lathbury,mlathburygd@opensource.org,Male,padrão,8/4/2021
92-3889053,Agnese,Kestle,akestlege@google.ca,Female,básico,1/26/2022
33-6434150,Imelda,D'Elia,,Female,básico,2/14/2023
50-1574538,Vita,Mechi,vmechigg@usatoday.com,Female,básico,4/3/2023
72-5066929,Michail,Pattie,mpattiegh@goodreads.com,Male,premium,2/27/2022
21-5244204,Gale,Kilcullen,gkilcullengi@vistaprint.com,Female,básico,1/21/2023
17-1468583,Milzie,Burgyn,mburgyngj@storify.com,Female,básico,10/13/2022
34-5893606,Latrina,Trayte,ltraytegk@elpais.com,Female,básico,3/28/2021
36-1015996,Iorgo,Barkworth,ibarkworthgl@japanpost.jp,Male,padrão,2/8/2023
42-5535207,Sandie,Ricardon,sricardongm@wsj.com,Female,básico,4/7/2023
21-3724311,Corenda,Escott,cescottgn@csmonitor.com,Female,padrão,8/6/2022
24-6218641,Robin,Gowing,rgowinggo@ft.com,Male,básico,12/1/2022
30-3908108,Gusty,Carmen,gcarmengp@surveymonkey.com,Female,básico,8/3/2021
88-2061894,Nannie,Ghiroldi,nghiroldigq@360.cn,Female,premium,10/8/2022
97-9135536,Courtney,Lis,clisgr@abc.net.au,Male,básico,10/5/2021
62-9184655,Teodoro,Behrens,,Male,padrão,2/26/2021
84-6495859,James,Chillcot,,Male,básico,5/22/2021
66-3963272,Alyss,Stollenberg,,Female,premium,8/24/2022
86-0191633,Kev,Stanlick,kstanlickgv@linkedin.com,Male,premium,3/9/2023
60-5276897,Wilbert,Bowbrick,wbowbrickgw@ocn.ne.jp,Male,padrão,3/9/2023
43-3710166,Clevie,Nendick,cnendickgx@europa.eu,Male,premium,3/6/2021
41-0169188,Edithe,Trillow,,Female,premium,7/4/2021
02-3278902,Marci,Wartnaby,mwartnabygz@istockphoto.com,Female,básico,6/19/2021
00-1668239,Bartholomeo,Durdy,bdurdyh0@cdc.gov,Male,premium,3/14/2023
89-9741325,Keith,Yule,kyuleh1@edublogs.org,Male,premium,7/13/2022
85-7449585,Daryl,Sanbrooke,dsanbrookeh2@shinystat.com,Male,básico,12/12/2020
91-0546316,Cornelle,Corston,ccorstonh3@cpanel.net,Genderfluid,básico,6/3/2022
04-3820656,Innis,Coulling,icoullingh4@japanpost.jp,Male,padrão,10/27/2020
82-8571653,Robby,Camellini,rcamellinih5@hostgator.com,Female,premium,9/17/2021
46-0664108,Tiffanie,Sweetenham,tsweetenhamh6@instagram.com,Non-binary,premium,9/4/2021
52-2238352,Wit,Bly,wblyh7@google.ca,Male,básico,4/29/2022
93-4961693,Hiram,Nourse,,Male,premium,7/7/2022
73-9242315,Jobyna,Hansill,jhansillh9@businessinsider.com,Female,básico,7/15/2021
86-3218816,Raffarty,Gumbley,rgumbleyha@cbc.ca,Male,básico,3/9/2022
33-9644612,Harriot,Sand,hsandhb@moonfruit.com,Female,premium,8/30/2021
66-8711011,Mathias,Derby,,Male,premium,6/15/2022
98-6676627,Fredra,Jeafferson,fjeaffersonhd@github.com,Female,premium,11/28/2021
18-2394450,Tamar,Duffett,tduffetthe@gravatar.com,Polygender,padrão,2/4/2022
10-4368852,Vinnie,Knobell,,Genderfluid,padrão,6/21/2023
98-7293544,Andrej,Whyman,awhymanhg@ameblo.jp,Male,padrão,11/14/2022
95-7432924,Harriett,Kirsch,hkirschhh@latimes.com,Female,premium,7/28/2022
31-1382476,Curt,Rosenzwig,crosenzwighi@topsy.com,Male,premium,4/9/2023
69-2780121,Karee,McGurgan,kmcgurganhj@ow.ly,Female,padrão,7/30/2021
61-3365102,Bernie,Darlow,bdarlowhk@sciencedirect.com,Female,básico,3/30/2021
43-6918336,Shirleen,Heck,sheckhl@dailymotion.com,Female,premium,11/23/2022
79-0113071,Eb,Sowter,esowterhm@artisteer.com,Male,básico,1/2/2022
82-5227547,Stephan,Eric,serichn@twitter.com,Male,padrão,4/17/2022
11-9155937,Webster,Gilding,wgildingho@amazon.com,Male,premium,10/7/2021
42-8649721,Mathias,McHardy,mmchardyhp@sfgate.com,Male,padrão,10/15/2021
47-4455256,Therine,Bannell,tbannellhq@hhs.gov,Female,premium,9/13/2022
05-7045055,Orson,Nolot,onolothr@quantcast.com,Male,padrão,5/1/2023
35-6964480,Claybourne,Lackey,clackeyhs@cbsnews.com,Male,básico,10/21/2022
21-4320212,Lind,Surgison,lsurgisonht@seesaa.net,Male,básico,3/2/2022
52-9480778,Marcus,Berndtsson,mberndtssonhu@biblegateway.com,Male,premium,9/28/2021
44-0778838,Tonnie,Lorey,tloreyhv@scribd.com,Male,premium,9/22/2022
36-9991656,Stavros,Tomankiewicz,,Male,premium,11/15/2021
68-7634170,Brooke,Presho,bpreshohx@washington.edu,Male,padrão,3/15/2021
22-1587708,Anabal,Davidovicz,adavidoviczhy@rediff.com,Female,premium,12/31/2021
27-2944597,Celie,Droogan,cdrooganhz@naver.com,Bigender,premium,12/9/2022
13-7689094,Harriet,Taudevin,htaudevini0@tripadvisor.com,Female,padrão,7/27/2021
60-6170014,Alfi,O' Mullan,aomullani1@twitpic.com,Non-binary,padrão,12/27/2020
61-2753178,Fabian,Nevitt,fnevitti2@google.nl,Male,premium,4/25/2021
70-2583186,Galven,Wreak,gwreaki3@bluehost.com,Male,básico,3/7/2021
57-7676048,Cassondra,Ewins,cewinsi4@mysql.com,Female,premium,4/13/2022
42-0494085,Maure,Ivantsov,mivantsovi5@ucsd.edu,Female,premium,3/1/2023
20-2766364,Gabriel,Sawdy,gsawdyi6@t.co,Female,padrão,9/21/2022
78-7635132,Remy,Rickcord,rrickcordi7@ocn.ne.jp,Female,básico,1/19/2023
94-5566345,Frannie,Trethowan,ftrethowani8@goodreads.com,Female,premium,5/20/2021
44-9594776,Burnaby,Vaney,bvaneyi9@flavors.me,Male,premium,7/19/2022
16-8428499,Durant,Keller,,Male,premium,12/24/2020
52-0396229,Greta,Reburn,greburnib@statcounter.com,Genderfluid,premium,7/15/2021
64-5221730,Christos,Duckerin,cduckerinic@artisteer.com,Male,básico,10/29/2021
80-6349066,Jermaine,McKoy,,Agender,básico,1/22/2023
26-7585289,Pam,Brodnecke,pbrodneckeie@youtu.be,Female,premium,12/4/2021
05-2908147,Lynea,Thunnerclef,lthunnerclefif@home.pl,Female,básico,11/10/2022
32-8645393,Kenon,Everest,keverestig@dot.gov,Male,básico,11/27/2022
62-7658570,Vina,Cherry,vcherryih@jigsy.com,Female,básico,6/15/2023
99-9379438,Seumas,Scutching,sscutchingii@devhub.com,Male,básico,12/12/2020
10-7395612,Davis,Gay,,Male,básico,6/26/2021
27-0253943,Galina,Renneke,grennekeik@nsw.gov.au,Female,padrão,4/29/2021
19-4996210,Bryanty,Borg,,Male,básico,4/18/2021
75-1098323,Sallie,Maffin,smaffinim@cafepress.com,Female,padrão,10/1/2022
87-2873866,Ferdy,Bassett,fbassettin@qq.com,Male,básico,2/8/2023
56-8276633,Libby,Handy,lhandyio@mashable.com,Female,padrão,11/6/2021
05-4692820,Dyna,Kobisch,dkobischip@craigslist.org,Female,básico,1/13/2022
26-8444127,Moselle,Brangan,mbranganiq@seesaa.net,Female,premium,11/16/2022
07-2527900,Ashli,McQuirk,amcquirkir@about.me,Female,básico,6/1/2022
53-2844608,Em,Stebles,esteblesis@unblog.fr,Female,básico,8/18/2021
11-3589666,Lacy,Wigsell,lwigsellit@bbb.org,Female,premium,8/15/2022
92-4982601,Gayler,Koeppke,gkoeppkeiu@telegraph.co.uk,Male,padrão,10/24/2020
06-3271679,Katlin,Meiklejohn,kmeiklejohniv@patch.com,Female,padrão,9/18/2021
82-4602043,Lauretta,Deppen,ldeppeniw@odnoklassniki.ru,Female,básico,4/24/2023
56-9386754,Retha,Riccard,rriccardix@google.co.jp,Female,premium,3/25/2021
48-6884881,Tomaso,Grinyov,tgrinyoviy@tamu.edu,Male,básico,8/6/2022
52-8237014,Nobie,Shearsby,nshearsbyiz@ted.com,Male,básico,4/27/2022
85-2918570,Lotte,Taillant,ltaillantj0@bbb.org,Female,básico,5/7/2023
78-7174424,Markus,Brise,mbrisej1@squidoo.com,Male,padrão,5/5/2021
10-6650631,Marlon,Skeemor,mskeemorj2@forbes.com,Male,premium,3/18/2023
06-5935871,Annabelle,Dilger,adilgerj3@taobao.com,Female,básico,1/5/2023
02-6135211,Cecelia,Brunetti,cbrunettij4@joomla.org,Female,premium,11/12/2022
27-5510756,Lissa,Brimman,lbrimmanj5@dot.gov,Female,básico,5/2/2022
61-4305498,Eydie,Tidgewell,etidgewellj6@utexas.edu,Female,premium,2/22/2022
01-9783994,Gayler,Harley,gharleyj7@joomla.org,Male,premium,5/3/2021
24-5543186,Rayna,Dreier,rdreierj8@nifty.com,Female,básico,6/7/2022
31-6504705,Sebastien,Marriott,smarriottj9@php.net,Non-binary,básico,12/11/2022
56-0318619,Casper,Goodfellowe,cgoodfelloweja@blinklist.com,Polygender,básico,5/27/2022
71-4617264,Lanae,Lean,lleanjb@wix.com,Female,padrão,8/29/2022
96-9384919,Eward,Ledgley,eledgleyjc@sun.com,Male,padrão,6/27/2022
77-8833682,Alejoa,MacNaughton,amacnaughtonjd@g.co,Male,premium,3/12/2021
39-7479384,Michal,Broadway,mbroadwayje@java.com,Female,premium,6/1/2021
90-2973271,Hubert,Nuzzi,hnuzzijf@aboutads.info,Male,básico,3/4/2022
06-8346683,Damon,Drinan,,Male,premium,1/12/2022
11-5351371,Konstanze,Scammell,kscammelljh@reuters.com,Female,básico,12/16/2022
81-3183636,Deonne,Hylden,dhyldenji@bloomberg.com,Bigender,padrão,6/20/2023
36-6422012,Billie,Fattori,bfattorijj@goo.gl,Male,premium,5/25/2023
52-9888709,Pammie,Deare,pdearejk@theglobeandmail.com,Female,premium,1/7/2022
20-4410669,Abbie,Redington,aredingtonjl@ft.com,Female,padrão,7/5/2021
31-4833559,Kit,Orrow,korrowjm@kickstarter.com,Non-binary,padrão,6/6/2021
68-6322977,Dix,Crossingham,dcrossinghamjn@reverbnation.com,Female,básico,9/13/2022
23-7938403,Tonye,Orwin,torwinjo@nhs.uk,Bigender,premium,2/20/2022
36-5905929,Gerome,Kennelly,gkennellyjp@nymag.com,Male,básico,12/30/2020
74-4942494,Kara-lynn,Ohm,kohmjq@cmu.edu,Female,básico,5/1/2022
69-1296432,Jacky,Mortel,jmorteljr@php.net,Male,básico,5/5/2023
61-4268797,Aylmar,Casine,acasinejs@fastcompany.com,Male,padrão,1/25/2021
78-9300833,Evie,Ireland,eirelandjt@cnbc.com,Female,básico,4/6/2021
63-9427407,Walsh,Orcott,worcottju@spotify.com,Male,padrão,10/5/2022
56-0574757,Harv,Huot,hhuotjv@rakuten.co.jp,Male,premium,2/21/2021
20-8411466,Odelia,Doppler,odopplerjw@diigo.com,Female,básico,4/19/2021
72-5354714,Hermann,Pinwell,hpinwelljx@phpbb.com,Male,básico,1/22/2022
36-7149457,Aylmer,Ibotson,aibotsonjy@ebay.com,Male,básico,6/11/2022
14-9023614,Brock,Stienton,bstientonjz@amazonaws.com,Male,básico,4/24/2022
24-7171101,Salomone,Ridding,sriddingk0@wiley.com,Male,padrão,7/10/2022
52-9678152,Thedric,Snap,tsnapk1@ihg.com,Male,básico,6/8/2022
56-5375472,Kelley,Ysson,kyssonk2@pbs.org,Female,básico,9/1/2021
08-7565607,Philippine,Sewards,psewardsk3@state.gov,Female,básico,1/4/2022
82-3947208,Stirling,Siggee,ssiggeek4@admin.ch,Male,básico,11/4/2022
69-2560181,Lesya,Hartford,lhartfordk5@hostgator.com,Female,padrão,9/24/2022
51-1880591,Grange,Fontaine,gfontainek6@dell.com,Male,premium,10/5/2021
97-8630261,Junia,Rous,jrousk7@goo.ne.jp,Female,padrão,2/13/2022
01-8578081,Zondra,Beed,zbeedk8@house.gov,Female,básico,2/8/2022
74-0720586,Feliza,Tingly,,Female,premium,6/4/2021
78-2278889,Raff,Buttrum,rbuttrumka@reddit.com,Male,padrão,6/13/2021
09-7560101,Bartie,Ashburner,bashburnerkb@ning.com,Male,premium,8/27/2021
42-5997314,Che,Tesh,,Male,padrão,12/23/2021
61-4719745,Sheffy,Caldecourt,scaldecourtkd@reference.com,Male,padrão,7/10/2021
78-8455245,Krishna,Lovering,kloveringke@qq.com,Male,básico,10/4/2022
45-4847176,Corbie,Arnli,carnlikf@samsung.com,Male,padrão,9/18/2021
54-4582308,Carr,Godar,cgodarkg@istockphoto.com,Male,básico,4/29/2023
49-2664158,Nathanael,Pavy,npavykh@auda.org.au,Bigender,básico,11/2/2022
12-9800241,Layney,Beasley,lbeasleyki@1und1.de,Female,básico,11/19/2021
14-2227887,Shelden,Winchurst,swinchurstkj@yahoo.com,Male,premium,7/4/2021
15-5512693,Eleanore,Moroney,emoroneykk@slideshare.net,Polygender,padrão,12/1/2021
59-6517276,Felipe,Karlqvist,,Male,padrão,4/22/2023
56-1837263,Lucius,Royds,lroydskm@addthis.com,Male,premium,3/19/2023
49-2903370,Rod,Bannester,rbannesterkn@macromedia.com,Male,básico,4/13/2021
84-5735395,Sherm,Screach,sscreachko@cnet.com,Male,básico,10/16/2021
85-9660640,Phillida,Mowday,pmowdaykp@mayoclinic.com,Female,básico,12/16/2022
74-1593248,Aurie,Farndon,afarndonkq@wikipedia.org,Female,premium,11/4/2021
72-7534518,Andie,Hanham,ahanhamkr@freewebs.com,Female,padrão,1/24/2021
64-1609029,Lyda,Izachik,lizachikks@list-manage.com,Female,padrão,1/6/2022
41-7219565,Brennan,McEnhill,bmcenhillkt@creativecommons.org,Male,padrão,8/27/2022
52-5383786,Eran,Quan,equanku@npr.org,Female,padrão,1/24/2023
14-4312739,Florence,Dunston,fdunstonkv@upenn.edu,Female,básico,6/12/2022
87-7478259,Auberta,Hurleston,,Female,padrão,8/11/2022
27-0127446,Ephraim,Castelyn,ecastelynkx@skype.com,Male,premium,5/21/2023
29-4587434,Tucker,Dolton,tdoltonky@wisc.edu,Male,básico,4/27/2023
33-4685390,Ky,Sheepy,ksheepykz@nbcnews.com,Male,padrão,6/13/2022
12-4409235,Minne,Sherringham,msherringhaml0@myspace.com,Female,padrão,12/25/2020
54-7881380,Aloysia,Gent,agentl1@narod.ru,Female,premium,10/27/2021
40-4352008,Lincoln,Elfes,,Male,padrão,4/14/2022
33-2187956,Christy,Ayliffe,cayliffel3@sciencedirect.com,Female,padrão,1/16/2023
68-2151550,Tedd,Jordine,tjordinel4@ftc.gov,Male,padrão,2/4/2022
11-8357939,Hoebart,Pounsett,hpounsettl5@ucsd.edu,Male,básico,10/18/2021
52-4342544,Annissa,Korba,akorbal6@go.com,Female,básico,11/5/2022
20-7050396,Giselle,Decruse,gdecrusel7@gmpg.org,Female,básico,4/21/2023
44-5348081,Staford,Meeus,,Male,básico,12/20/2020
41-4435379,Francesco,Dubarry,fdubarryl9@nps.gov,Male,básico,5/28/2021
21-7752990,Morty,Citrine,,Male,básico,10/31/2022
90-0111150,Ricky,Cardozo,rcardozolb@prlog.org,Male,premium,4/2/2023
79-6093649,Ogdan,Salamon,osalamonlc@weibo.com,Male,básico,1/22/2022
55-0361646,Faun,Friman,ffrimanld@archive.org,Female,premium,12/24/2021
82-4294386,Toddy,Cumming,tcummingle@rakuten.co.jp,Male,básico,6/22/2021
71-4535614,Chevalier,Goodfellow,cgoodfellowlf@privacy.gov.au,Male,padrão,2/12/2023
66-8068729,Austen,Heinschke,aheinschkelg@jugem.jp,Male,premium,10/15/2020
70-9671449,Gilberte,Frodsham,gfrodshamlh@hexun.com,Female,premium,3/1/2023
77-3094184,Silvester,Verdun,sverdunli@apple.com,Male,padrão,1/13/2021
15-2017135,Jone,Leveret,jleveretlj@ft.com,Male,padrão,5/29/2023
13-2685096,Florance,Clausson,,Female,básico,10/27/2020
81-1842203,Phylys,Paiton,ppaitonll@mediafire.com,Female,premium,4/4/2022
76-0442913,Ari,Imore,aimorelm@photobucket.com,Male,padrão,5/28/2021
78-6876676,Stephanie,Billingsley,sbillingsleyln@wisc.edu,Female,básico,2/19/2021
80-4191964,Marcelline,Harper,mharperlo@washingtonpost.com,Female,básico,7/5/2022
95-3471049,Karlens,Ottiwill,kottiwilllp@wordpress.org,Male,padrão,10/27/2020
47-6733009,Lazarus,Todeo,ltodeolq@dedecms.com,Male,premium,6/25/2022
30-3496490,Adam,Offer,aofferlr@npr.org,Male,básico,12/26/2021
86-1430565,Virginie,Sharpus,,Female,básico,5/17/2023
86-7860319,Marsh,Sottell,msottelllt@netscape.com,Male,premium,5/3/2021
40-2107243,Joannes,Djurevic,jdjureviclu@imageshack.us,Female,padrão,11/16/2021
91-6441195,Jerrylee,Gilbeart,jgilbeartlv@google.co.jp,Female,premium,4/7/2021
38-6772138,Maximilianus,Samworth,msamworthlw@dropbox.com,Male,padrão,7/8/2022
57-0650916,Christa,Preene,cpreenelx@zdnet.com,Polygender,premium,1/23/2021
18-5250003,Mata,Durnin,mdurninly@yandex.ru,Bigender,básico,4/2/2022
05-2656308,Kittie,Newcombe,,Female,básico,12/18/2022
95-0644932,Saloma,Mougel,smougelm0@cbslocal.com,Female,padrão,9/7/2021
50-2904684,Guillemette,Cobden,gcobdenm1@nasa.gov,Female,básico,12/22/2021
76-9794802,Pennie,Hurtic,phurticm2@aol.com,Female,básico,2/15/2023
65-2632044,Shanda,Sillett,ssillettm3@gnu.org,Female,premium,2/20/2023
53-8602934,Bo,Fevier,bfevierm4@dyndns.org,Agender,premium,1/19/2022
25-2352602,Viviyan,Poone,vpoonem5@adobe.com,Female,padrão,3/22/2022
31-3942209,Ermanno,Lampert,elampertm6@networksolutions.com,Male,básico,3/21/2023
13-3202845,Mayne,Franciotti,mfranciottim7@yahoo.co.jp,Male,básico,6/9/2021
57-0742816,Stinky,Beglin,sbeglinm8@php.net,Male,premium,2/9/2021
98-1918004,Bay,Chicken,,Male,padrão,2/21/2021
17-5743131,Delmar,Neame,dneamema@foxnews.com,Male,padrão,2/10/2022
18-9694764,Bruis,Shapcote,bshapcotemb@noaa.gov,Male,básico,4/21/2021
50-2713956,Barbabas,Brocks,bbrocksmc@sitemeter.com,Male,básico,4/1/2022
35-2233311,Gerta,De Laci,gdelacimd@go.com,Female,padrão,1/15/2022
07-5603871,Marybelle,Tomaszek,mtomaszekme@youku.com,Female,premium,8/27/2021
15-7419011,Jehanna,Rampage,jrampagemf@linkedin.com,Genderqueer,básico,1/22/2022
63-6690492,Bary,Henze,bhenzemg@google.com,Male,básico,9/17/2021
90-6943520,Osmond,Arguile,oarguilemh@facebook.com,Male,padrão,9/13/2022
45-7448920,Franz,Slane,fslanemi@cbslocal.com,Male,básico,4/28/2023
29-3863910,Fields,Bendin,fbendinmj@kickstarter.com,Male,padrão,9/25/2021
24-0055900,Stanislaus,Schubbert,sschubbertmk@psu.edu,Male,básico,4/28/2023
48-3517044,Pattin,McTerry,,Male,básico,2/22/2021
29-4354524,Delmer,Greystock,dgreystockmm@soundcloud.com,Male,básico,8/9/2022
56-1219774,Karlis,O'Lehane,kolehanemn@ebay.co.uk,Male,padrão,2/1/2022
69-7568565,Brand,Riolfo,briolfomo@ihg.com,Male,premium,11/15/2020
52-8357413,Chelsea,Cutts,ccuttsmp@soundcloud.com,Female,padrão,4/12/2021
46-1570918,Beaufort,Malkie,bmalkiemq@toplist.cz,Male,básico,12/7/2021
92-7337497,Cherye,Sandever,csandevermr@netvibes.com,Genderfluid,básico,3/24/2022
55-7309270,Townie,Le Estut,tleestutms@usgs.gov,Male,básico,2/17/2022
23-8091840,Laina,Parvin,lparvinmt@seesaa.net,Female,premium,12/15/2022
01-3934659,Arte,Mustill,,Genderfluid,padrão,11/4/2021
04-2647875,Janet,Hyndes,jhyndesmv@dagondesign.com,Female,básico,1/8/2022
62-2673674,Georgia,Elsay,gelsaymw@ucoz.ru,Female,básico,10/16/2020
40-5650216,Reeba,Van den Velden,rvandenveldenmx@webs.com,Female,básico,3/16/2022
25-3638773,Reynold,Hallihane,,Male,padrão,4/8/2022
28-9640581,Shara,Crone,scronemz@usnews.com,Female,premium,12/12/2020
45-4514038,Dimitry,Freshwater,,Male,padrão,9/30/2021
85-4192779,Sande,Bearsmore,sbearsmoren1@cdc.gov,Female,padrão,11/6/2020
75-1504024,Sharl,Elmer,selmern2@yahoo.co.jp,Female,premium,8/2/2021
37-5995909,Chris,Ochterlony,cochterlonyn3@cmu.edu,Male,padrão,3/1/2021
68-1007694,Joannes,Hewins,jhewinsn4@behance.net,Female,básico,7/29/2022
36-8043337,Spenser,Commucci,scommuccin5@qq.com,Male,premium,2/15/2023
97-9729800,Dorothea,Slatcher,dslatchern6@reddit.com,Female,premium,3/31/2023
72-9969069,Bendick,Knibbs,bknibbsn7@sfgate.com,Male,padrão,6/1/2023
70-0573693,Mischa,Willder,mwilldern8@cnn.com,Genderqueer,padrão,7/1/2021
17-8181864,Demetrius,Phillipps,dphillippsn9@ocn.ne.jp,Male,premium,12/15/2022
45-8026712,Cordelia,Stuckow,cstuckowna@earthlink.net,Female,premium,5/24/2023
54-6538347,Iorgo,Jerrim,ijerrimnb@mapy.cz,Male,básico,3/13/2023
29-2251177,Fay,Thieme,fthiemenc@narod.ru,Female,premium,11/22/2022
34-2616010,Allyce,Swafield,aswafieldnd@theatlantic.com,Female,básico,12/30/2020
84-9217848,Peria,Maroney,pmaroneyne@telegraph.co.uk,Female,padrão,8/16/2021
68-9561603,Eldin,Grishukhin,egrishukhinnf@fastcompany.com,Male,padrão,4/13/2022
69-7947105,Sherwynd,Ajam,sajamng@bbb.org,Genderqueer,premium,12/26/2021
07-4015480,Chrisse,Olligan,colligannh@a8.net,Male,padrão,10/25/2022
56-5455863,Lorita,Bussen,lbussenni@creativecommons.org,Female,premium,9/20/2021
47-9136606,Hollie,Bromage,hbromagenj@domainmarket.com,Female,premium,11/11/2022
11-9201348,Uri,Dirkin,udirkinnk@surveymonkey.com,Male,padrão,10/27/2021
32-8695635,Maureene,Jacquemet,mjacquemetnl@sfgate.com,Female,premium,4/5/2023
92-7583519,Mara,Julien,mjuliennm@prlog.org,Female,básico,3/10/2021
20-2258477,Archy,Gannicott,agannicottnn@google.co.jp,Male,premium,2/10/2022
19-4280895,Moina,Olczak,molczakno@php.net,Bigender,premium,6/3/2023
17-6873588,Duane,Quodling,,Male,padrão,4/1/2021
07-1640027,Zacharias,Lomasney,zlomasneynq@de.vu,Male,básico,12/23/2021
17-7739453,Mella,Tankus,mtankusnr@posterous.com,Female,padrão,10/9/2022
35-0023301,Brenna,Fielder,,Female,premium,1/21/2023
23-3630525,Danella,Petrolli,dpetrollint@jiathis.com,Female,básico,7/24/2022
45-7760466,Osbourne,Webley,owebleynu@phpbb.com,Polygender,padrão,3/27/2022
19-9570961,Tommy,Elington,telingtonnv@mit.edu,Female,básico,5/5/2021
75-3824128,Marla,Withrington,mwithringtonnw@facebook.com,Female,básico,11/10/2020
49-0529388,Merilyn,Worthy,mworthynx@com.com,Female,premium,10/12/2021
37-4007347,Aleece,Rolance,arolanceny@wsj.com,Female,padrão,1/13/2023
69-9924715,Delainey,Thomasson,dthomassonnz@scientificamerican.com,Male,premium,3/10/2022
97-5869373,Uri,Gideon,ugideono0@ox.ac.uk,Male,premium,10/30/2020
32-9289968,Sheff,Redgrave,sredgraveo1@goo.gl,Male,premium,4/24/2021
05-6783773,Findley,Easman,feasmano2@slate.com,Male,padrão,5/29/2021
44-6326667,Kattie,Cotta,kcottao3@ovh.net,Female,básico,9/10/2022
21-2563034,Petey,Ralton,praltono4@blogspot.com,Male,básico,9/28/2022
58-0670175,Chelsae,Brauns,cbraunso5@pagesperso-orange.fr,Female,premium,7/3/2021
93-4973002,Verene,Goodey,vgoodeyo6@wp.com,Female,básico,10/31/2021
60-6652017,Benjamen,McGraw,bmcgrawo7@mysql.com,Male,padrão,7/5/2021
18-9600566,Sebastien,DelaField,sdelafieldo8@techcrunch.com,Male,padrão,7/29/2022
49-9551582,Liuka,Achurch,lachurcho9@sakura.ne.jp,Female,premium,11/16/2022
02-8947536,Tabina,O'Siaghail,tosiaghailoa@wikipedia.org,Female,padrão,1/2/2022
01-5179790,Donovan,Lavies,dlaviesob@indiegogo.com,Male,premium,4/29/2021
42-6687049,Mitch,Atkirk,matkirkoc@imdb.com,Male,padrão,4/29/2023
66-8478830,Molly,Tinson,mtinsonod@shinystat.com,Female,premium,9/24/2022
09-2564870,Curry,Weale,cwealeoe@merriam-webster.com,Male,padrão,10/9/2022
55-9303862,Channa,Germann,cgermannof@cbc.ca,Female,premium,10/9/2021
02-1476275,Arron,Chart,achartog@aol.com,Male,premium,4/19/2022
41-6397124,Dominic,Roan,droanoh@uiuc.edu,Male,padrão,1/3/2021
27-6256844,Philip,Peers,ppeersoi@tmall.com,Male,básico,12/11/2022
28-1882380,Sloan,Cliffe,scliffeoj@ucsd.edu,Male,premium,12/15/2022
86-7849418,Bard,Antoshin,bantoshinok@upenn.edu,Male,premium,5/31/2023
49-8366127,Frederico,Trevaskis,ftrevaskisol@homestead.com,Male,premium,3/8/2022
43-0536850,Steffen,Stubbley,sstubbleyom@youtu.be,Male,premium,7/13/2021
89-7348955,Rriocard,Quarterman,rquartermanon@guardian.co.uk,Genderfluid,básico,1/22/2021
97-8074757,Winfred,Faich,wfaichoo@ox.ac.uk,Male,padrão,7/23/2022
27-1765951,Cchaddie,Ravenhill,cravenhillop@trellian.com,Male,básico,1/28/2022
94-7973863,Dorita,Longden,dlongdenoq@nih.gov,Female,básico,1/6/2022
93-9989853,Gratiana,Godsafe,,Female,premium,4/11/2022
43-5031497,Ab,Huffey,ahuffeyos@china.com.cn,Male,básico,4/4/2021
43-0741015,Eda,Crielly,ecriellyot@google.es,Female,padrão,10/29/2020
62-4497402,Paola,Berkley,pberkleyou@cbslocal.com,Female,padrão,1/7/2023
11-5826483,Corine,Molyneux,cmolyneuxov@sbwire.com,Female,premium,11/23/2022
18-5870214,Paulina,Burnyate,pburnyateow@dailymotion.com,Polygender,premium,2/19/2021
01-4938702,Elena,Mc Caghan,emccaghanox@exblog.jp,Female,premium,6/14/2022
72-3004091,Marnie,Shiels,mshielsoy@umich.edu,Female,premium,1/18/2021
87-3911381,Thelma,Balazot,tbalazotoz@arstechnica.com,Female,básico,12/19/2020
70-7054147,Purcell,Kellitt,pkellittp0@free.fr,Male,padrão,12/23/2022
23-6607139,Alva,Grayham,agrayhamp1@elpais.com,Male,padrão,11/3/2020
25-0945427,Carolyn,Awcoate,cawcoatep2@ning.com,Female,premium,4/18/2022
98-2295261,Aurelea,Dax,adaxp3@nsw.gov.au,Female,padrão,6/26/2022
44-1942708,Stewart,Janczyk,sjanczykp4@rediff.com,Male,premium,9/24/2022
77-8272106,Rebe,Teare,,Female,padrão,1/2/2023
13-5059443,Tammy,Pond,tpondp6@devhub.com,Female,premium,10/26/2022
51-6276329,Jesse,Berling,jberlingp7@redcross.org,Female,básico,1/15/2022
48-3668960,Rod,Marrows,rmarrowsp8@bloglovin.com,Male,padrão,5/9/2021
97-5283190,Kore,Mac Giolla Pheadair,kmacgiollapheadairp9@businesswire.com,Female,premium,7/4/2022
87-7119097,Engracia,Nichols,enicholspa@washington.edu,Female,premium,12/13/2020
59-0373257,Rozella,Petteford,rpettefordpb@flickr.com,Female,padrão,4/2/2021
56-7841177,Marlon,Jacquemy,mjacquemypc@smugmug.com,Male,premium,4/18/2023
87-5612291,Donnamarie,Calverd,dcalverdpd@si.edu,Female,premium,6/28/2021
00-6310138,Zachary,Paulus,zpauluspe@google.co.uk,Male,básico,6/2/2022
00-1245479,Yuri,Wahlberg,ywahlbergpf@addtoany.com,Male,padrão,7/29/2022
48-0874834,Alina,McGannon,,Female,padrão,4/3/2021
29-8298799,Georgena,Robak,grobakph@google.co.jp,Female,padrão,9/1/2021
10-5975867,Ross,Robecon,rrobeconpi@cisco.com,Male,premium,5/18/2022
97-0398099,Pattie,Rigts,prigtspj@barnesandnoble.com,Female,padrão,1/22/2021
40-9992187,Gabriela,Godfery,ggodferypk@microsoft.com,Female,básico,8/26/2022
25-4634217,Rosalie,Morrid,rmorridpl@springer.com,Female,premium,5/1/2021
37-4226110,Free,Cumesky,fcumeskypm@scribd.com,Male,básico,10/15/2021
12-6685502,Ernaline,Wayte,ewaytepn@elpais.com,Female,premium,4/4/2023
21-0861427,Josias,Grastye,jgrastyepo@answers.com,Male,básico,7/19/2022
31-0142765,Wat,Quiddihy,wquiddihypp@hhs.gov,Male,premium,12/7/2022
61-0913451,Mamie,Hadden,mhaddenpq@ameblo.jp,Female,padrão,12/31/2020
23-2817192,Saloma,Brosch,sbroschpr@nymag.com,Female,básico,5/9/2022
13-4245369,Gaile,McGairl,gmcgairlps@miitbeian.gov.cn,Male,premium,4/5/2023
06-7327680,Cristy,Faunt,cfauntpt@europa.eu,Female,básico,6/27/2023
65-3287421,Tynan,Faraker,tfarakerpu@tinyurl.com,Non-binary,padrão,12/12/2022
46-3819037,Myra,Toomer,mtoomerpv@cnn.com,Female,premium,6/5/2023
93-9962761,Bert,Thornton,bthorntonpw@xrea.com,Non-binary,premium,6/30/2022
84-0328279,Lesley,Wayon,lwayonpx@myspace.com,Female,padrão,3/27/2021
46-6560817,Ervin,Eberts,eebertspy@bizjournals.com,Male,padrão,1/5/2022
70-0131380,Federico,Meconi,fmeconipz@canalblog.com,Male,básico,5/30/2023
95-9266042,Sayres,Kisar,skisarq0@cisco.com,Male,premium,12/31/2022
77-1698630,Elsinore,Copner,,Female,padrão,7/20/2022
69-8714950,Cheston,Isacoff,cisacoffq2@clickbank.net,Male,básico,12/30/2022
16-6187466,Miguel,Gentreau,mgentreauq3@oaic.gov.au,Male,premium,4/2/2021
04-0886266,Amberly,Kensitt,akensittq4@slate.com,Female,padrão,11/26/2020
23-9246323,Cathyleen,Musla,cmuslaq5@globo.com,Female,básico,1/9/2023
43-5226172,Benny,Trodler,btrodlerq6@alibaba.com,Female,básico,3/18/2022
49-5583233,Ynes,Schimank,yschimankq7@adobe.com,Female,premium,11/6/2021
06-9608509,Clayborn,Hatchman,chatchmanq8@ameblo.jp,Male,premium,10/12/2022
81-3424878,Waverly,Eagling,weaglingq9@unc.edu,Male,premium,12/8/2022
18-7772728,Nicol,Bosma,nbosmaqa@mapy.cz,Male,padrão,6/13/2022
95-6318160,Irv,Carlow,,Male,padrão,3/19/2022
77-4564548,Kahaleel,Brody,kbrodyqc@umn.edu,Male,padrão,1/26/2022
43-0276157,Addi,Malec,amalecqd@tmall.com,Female,padrão,12/2/2021
23-9042532,Celestina,Copas,ccopasqe@163.com,Female,padrão,7/30/2022
28-0654360,Tymon,Salisbury,tsalisburyqf@rediff.com,Male,premium,5/22/2021
03-2337353,Jerrie,Dripp,jdrippqg@irs.gov,Female,básico,5/22/2021
03-3158471,Robb,Constanza,rconstanzaqh@sitemeter.com,Male,premium,10/11/2022
66-5216949,Aveline,Stolze,astolzeqi@harvard.edu,Female,básico,12/1/2022
77-6429808,Demetre,Ambrogiotti,dambrogiottiqj@jalbum.net,Male,básico,9/13/2021
61-3539148,Chuck,Newvill,cnewvillqk@wufoo.com,Male,premium,1/4/2023
11-6582930,Shelden,Binnes,sbinnesql@pbs.org,Genderqueer,básico,12/8/2022
29-2220533,Lorry,Noyes,lnoyesqm@scribd.com,Male,básico,9/19/2021
41-9798871,Barclay,Render,brenderqn@vk.com,Male,premium,4/16/2023
62-6483134,Waverly,Qusklay,,Polygender,básico,4/12/2021
56-6804943,Keary,Croy,kcroyqp@ifeng.com,Male,básico,3/4/2022
58-6845689,Gal,Hefferan,ghefferanqq@huffingtonpost.com,Male,premium,5/14/2021
70-6791790,Lodovico,Ovett,lovettqr@xrea.com,Male,premium,4/4/2023
67-4785885,Jan,Allchorne,jallchorneqs@jalbum.net,Female,padrão,11/2/2021
73-9361694,Kizzee,Wilkin,kwilkinqt@networksolutions.com,Female,premium,8/10/2022
88-0654283,Celestyn,Hacking,chackingqu@archive.org,Female,básico,5/1/2022
96-0964392,Sandro,Jacox,sjacoxqv@amazon.de,Male,básico,1/18/2023
67-7118173,Julee,Curado,jcuradoqw@exblog.jp,Female,premium,12/6/2022
92-3662463,Adena,Bullas,abullasqx@ow.ly,Polygender,padrão,2/6/2021
25-6154914,Had,Killeen,hkilleenqy@ameblo.jp,Male,básico,10/4/2022
11-4944180,Teresa,Oswald,toswaldqz@hatena.ne.jp,Female,padrão,10/27/2021
76-7595688,Patti,Moorman,pmoormanr0@ezinearticles.com,Female,padrão,11/4/2022
41-7417496,Georg,Cheverton,gchevertonr1@washington.edu,Male,premium,6/13/2023
85-7676546,Clarine,Siney,csineyr2@google.pl,Female,básico,4/27/2021
44-1992502,Kerwinn,Skittle,,Male,premium,2/27/2021
06-2679665,Ephrem,Reihill,ereihillr4@people.com.cn,Male,básico,1/21/2022
44-8129000,Iago,Brosi,ibrosir5@zdnet.com,Agender,padrão,5/12/2021
66-2166476,Gerick,Loncaster,gloncasterr6@360.cn,Male,padrão,1/1/2022
31-1476448,Constantine,Conville,,Female,premium,2/17/2023
67-3539150,Angie,Clemenson,aclemensonr8@nyu.edu,Female,premium,3/23/2021
14-6280976,Cristiano,Gratrix,cgratrixr9@sphinn.com,Male,padrão,6/9/2022
49-8263372,Stormi,Bergen,sbergenra@last.fm,Agender,premium,5/13/2021
04-1280567,Dasi,Grix,dgrixrb@dropbox.com,Female,básico,8/25/2021
35-7833001,Ricard,Fraschetti,,Male,básico,10/18/2020
63-0865146,Cirstoforo,Stormonth,cstormonthrd@rediff.com,Genderfluid,premium,6/19/2023
69-9144110,Krispin,Kinastan,kkinastanre@marketwatch.com,Male,padrão,3/6/2022
39-3084217,Cissy,Allnutt,callnuttrf@amazon.com,Female,premium,4/11/2021
64-7384732,Idette,Fynan,ifynanrg@indiatimes.com,Female,premium,12/30/2022
39-1211723,Tisha,Bly,tblyrh@pcworld.com,Female,premium,10/10/2021
09-4756083,Selestina,Stalman,sstalmanri@irs.gov,Female,padrão,12/18/2022
46-2668412,Reena,Ilyuchyov,rilyuchyovrj@blogs.com,Female,padrão,10/26/2020
20-1048070,Lennie,Rainbird,,Male,padrão,9/25/2021
21-8064251,Bertrando,Spellicy,,Male,premium,4/18/2021
50-6087074,Orelle,Seak,oseakrm@hibu.com,Female,básico,1/23/2021
97-8988741,Murray,Munkley,mmunkleyrn@nps.gov,Male,premium,7/13/2021
63-8683362,Casie,Karpf,ckarpfro@slashdot.org,Female,premium,8/25/2021
25-1496843,Deni,Skowcraft,dskowcraftrp@scribd.com,Female,premium,10/18/2020
73-3461909,Leupold,Quinnet,lquinnetrq@google.de,Male,básico,6/1/2022
68-6880175,Claudianus,Cuckson,ccucksonrr@cbslocal.com,Male,básico,4/21/2022
